referenceFournisseur,constructeur,slug,categoryId,status,isFeatured,nom_fr,nom_en,description_fr,description_en,ficheTechnique_fr,ficheTechnique_en,imageUrl
9601,Moria Surgical,vannas-scissors-curved-blunt-blades-9601,ophthalmology-surgical,active,,Vannas Scissors(Curved blunt blades),Vannas Scissors(Curved blunt blades),"8.7-cm total length withcurvedblunt blades, 5-mm x 0.5-mm blades. Can be used to cut the cornea,iris, capsule ormembrane.","8.7-cm total length withcurvedblunt blades, 5-mm x 0.5-mm blades. Can be used to cut the cornea,iris, capsule ormembrane.","Reusability: Yes; Packaging: X1; Material*: Stainless steel; Size: 87 mm; Blades: 5-mm blunt blades; Intended use: To cut the cornea, iris, capsule, membrane.","Reusability: Yes; Packaging: X1; Material*: Stainless steel; Size: 87 mm; Blades: 5-mm blunt blades; Intended use: To cut the cornea, iris, capsule, membrane.",https://www.moria-surgical.com/media/cache/product_viewer/files/product/82ad56e7c299ac116b0f7a2088e5ac633634573b.jpg
13246,Moria Surgical,bonn-kraff-forceps-0-12-mm-teeth-with-platforms-an,ophthalmology-surgical,active,,Bonn-Kraff Forceps(0.12-mm teeth with platforms and long jaws),Bonn-Kraff Forceps(0.12-mm teeth with platforms and long jaws),"ReusableBonn-Kraffholding forceps with platforms and0.12-mmfacing micro teeth, with abird cagehandle. Can be used to hold the eye during ophthalmic surgery.","ReusableBonn-Kraffholding forceps with platforms and0.12-mmfacing micro teeth, with abird cagehandle. Can be used to hold the eye during ophthalmic surgery.","Reusability: Yes; Packaging: X1; Material*: Stainless steel; Total lenght: 12 cm; Tip: 0.12-mm teeth, straight; Handle: Bird cage design; Intended use: To hold the eye during ophthalmic surgery.","Reusability: Yes; Packaging: X1; Material*: Stainless steel; Total lenght: 12 cm; Tip: 0.12-mm teeth, straight; Handle: Bird cage design; Intended use: To hold the eye during ophthalmic surgery.",https://www.moria-surgical.com/media/cache/product_viewer/files/product/a3a345b25137b6ffb0f3813c7c8afc2b5a6f73ff.jpg
7850A,Moria Surgical,bonn-moria-forceps-0-18-mm-teeth-with-platforms-78,ophthalmology-surgical,active,,Bonn-Moria Forceps(0.18-mm teeth with platforms),Bonn-Moria Forceps(0.18-mm teeth with platforms),ReusableBonn-Moriaholding forceps withplatformsand0.18-mmfacing micro teeth. Can be used to hold the cornea.,ReusableBonn-Moriaholding forceps withplatformsand0.18-mmfacing micro teeth. Can be used to hold the cornea.,"Reusability: Yes; Packaging: X1; Material*: Stainless steel; Total lenght: 10 cm; Tip: 0.18-mm teeth, straight; Handle: Flat; Intended use: To hold the cornea.","Reusability: Yes; Packaging: X1; Material*: Stainless steel; Total lenght: 10 cm; Tip: 0.18-mm teeth, straight; Handle: Flat; Intended use: To hold the cornea.",https://www.moria-surgical.com/media/cache/product_viewer/files/product/e23723c718a7942ac831593e2bfa2303d74839ea.jpg
7862,Moria Surgical,barraquer-troutman-forceps-0-12-mm-oblique-teeth-c,ophthalmology-surgical,active,,"Barraquer-Troutman Forceps(0.12-mm oblique teeth, “colibri” type)","Barraquer-Troutman Forceps(0.12-mm oblique teeth, “colibri” type)","ReusableBarraquer-Troutmanforceps with tyingplatformsand0.12-mmoblique teeth, “colibri” type. Can be used to hold the eye during ophthalmic surgery.","ReusableBarraquer-Troutmanforceps with tyingplatformsand0.12-mmoblique teeth, “colibri” type. Can be used to hold the eye during ophthalmic surgery.","Reusability: Yes; Packaging: X1; Material*: Stainless steel; Total lenght: 7.5 cm; Tip: 0.12-mm teeth, oblique; Handle: Serrated; Intended use: To hold the eye during ophthalmic surgery.","Reusability: Yes; Packaging: X1; Material*: Stainless steel; Total lenght: 7.5 cm; Tip: 0.12-mm teeth, oblique; Handle: Serrated; Intended use: To hold the eye during ophthalmic surgery.",https://www.moria-surgical.com/media/cache/product_viewer/files/product/8412e4c75862ebaf475f0daa4c78857b546a38c6.jpg
9803,Moria Surgical,pierse-forceps-0-2-mm-oblique-teeth-colibri-type-w,ophthalmology-surgical,active,,"Pierse Forceps(0.2-mm oblique teeth, “colibri” type, with notched jaws and platforms)","Pierse Forceps(0.2-mm oblique teeth, “colibri” type, with notched jaws and platforms)","ReusablePierseforceps with0.2-mmnotched jaws andplatforms, “colibri” type. Can be used to hold the eye during ophthalmic surgery.","ReusablePierseforceps with0.2-mmnotched jaws andplatforms, “colibri” type. Can be used to hold the eye during ophthalmic surgery.",Reusability: Yes; Packaging: X1; Material*: Stainless steel; Total lenght: 7.5 cm; Tip: 0.2-mm notched jaws; Handle: Serrated; Intended use: To hold the eye during ophthalmic surgery.,Reusability: Yes; Packaging: X1; Material*: Stainless steel; Total lenght: 7.5 cm; Tip: 0.2-mm notched jaws; Handle: Serrated; Intended use: To hold the eye during ophthalmic surgery.,https://www.moria-surgical.com/media/cache/product_viewer/files/product/f51ee925d854e800b4e12bb32bd96ae8f6ab01c9.jpg
13160,Moria Surgical,bonn-forceps-0-12-mm-teeth-with-platforms-13160,ophthalmology-surgical,active,,Bonn Forceps(0.12-mm teeth with platforms),Bonn Forceps(0.12-mm teeth with platforms),"ReusableBonnholding forceps withplatformsand0.12-mmfacing micro teeth, with abird cagehandle. Can be used to hold the eye during ophthalmic surgery.","ReusableBonnholding forceps withplatformsand0.12-mmfacing micro teeth, with abird cagehandle. Can be used to hold the eye during ophthalmic surgery.","Reusability: Yes; Packaging: X1; Material*: Stainless steel; Total lenght: 9.7 cm; Tip: 0.12-mm teeth, straight; Handle: Bird cage design; Intended use: To hold the eye during ophthalmic surgery.","Reusability: Yes; Packaging: X1; Material*: Stainless steel; Total lenght: 9.7 cm; Tip: 0.12-mm teeth, straight; Handle: Bird cage design; Intended use: To hold the eye during ophthalmic surgery.",https://www.moria-surgical.com/media/cache/product_viewer/files/product/0faf1bc543049cd78ad60e6f1a6e6b23b704d201.jpg
13161,Moria Surgical,bonn-moria-forceps-0-12-mm-teeth-with-platforms-13,ophthalmology-surgical,active,,Bonn-Moria Forceps(0.12-mm teeth with platforms),Bonn-Moria Forceps(0.12-mm teeth with platforms),"ReusableBonnholding forceps with platforms and0.12-mmfacing micro teeth, with abird cagehandle. Can be used to hold the eye during ophthalmic surgery.","ReusableBonnholding forceps with platforms and0.12-mmfacing micro teeth, with abird cagehandle. Can be used to hold the eye during ophthalmic surgery.","Reusability: Yes; Packaging: X1; Material*: Stainless steel; Total lenght: 11 cm; Tip: 0.12-mm teeth, straight; Handle: Bird cage design; Intended use: To hold the eye during ophthalmic surgery.","Reusability: Yes; Packaging: X1; Material*: Stainless steel; Total lenght: 11 cm; Tip: 0.12-mm teeth, straight; Handle: Bird cage design; Intended use: To hold the eye during ophthalmic surgery.",https://www.moria-surgical.com/media/cache/product_viewer/files/product/44acab384eed5e7c8026215b727bc4310ab55577.jpg
13240,Moria Surgical,bonn-kraff-forceps-0-1-mm-oblique-teeth-and-tying-,ophthalmology-surgical,active,,Bonn-Kraff Forceps(0.1-mm oblique teeth and tying platforms),Bonn-Kraff Forceps(0.1-mm oblique teeth and tying platforms),"ReusableBonn-Kraffforceps with0.1-mmoblique teeth and tyingplatforms, with abird cagehandle. Can be used to hold the eye during ophthalmic surgery.","ReusableBonn-Kraffforceps with0.1-mmoblique teeth and tyingplatforms, with abird cagehandle. Can be used to hold the eye during ophthalmic surgery.","Reusability: Yes; Packaging: X1; Material*: Stainless steel; Total lenght: 12 cm; Tip: 0.1-mm teeth, oblique; Handle: Bird cage design; Intended use: To hold the eye during ophthalmic surgery.","Reusability: Yes; Packaging: X1; Material*: Stainless steel; Total lenght: 12 cm; Tip: 0.1-mm teeth, oblique; Handle: Bird cage design; Intended use: To hold the eye during ophthalmic surgery.",https://www.moria-surgical.com/media/cache/product_viewer/files/product/3eb1869ce51f7c26989aefe53333634289b9138d.jpg
2280A,Moria Surgical,lester-forceps-1-1-mm-teeth-2280a,ophthalmology-surgical,active,,Lester Forceps(1.1-mm teeth),Lester Forceps(1.1-mm teeth),"ReusableLesterconjunctival forceps with 1.1-mm teeth and 11.1-cm length.Can be used to seize, rotate or manipulate the eyeball without damaging the tissues, to manipulate the sclera, to fix the limb, to remove the iris, to lift theconjunctivaand the Tenon facia.","ReusableLesterconjunctival forceps with 1.1-mm teeth and 11.1-cm length.Can be used to seize, rotate or manipulate the eyeball without damaging the tissues, to manipulate the sclera, to fix the limb, to remove the iris, to lift theconjunctivaand the Tenon facia.","Reusability: Yes; Packaging: X1; Material*: Stainless steel; Total length: 11.1 cm; Tip: 1.1-mm teeth; Handle: Flat; Intended use: To grasp, rotate or manipulate the globe without damaging any tissue.","Reusability: Yes; Packaging: X1; Material*: Stainless steel; Total length: 11.1 cm; Tip: 1.1-mm teeth; Handle: Flat; Intended use: To grasp, rotate or manipulate the globe without damaging any tissue.",https://www.moria-surgical.com/media/cache/product_viewer/files/product/e4cc0ab445ef1f7a1899237cdaa84266a5641840.jpg
7835,Moria Surgical,bonn-forceps-0-12-mm-teeth-with-platforms-7835,ophthalmology-surgical,active,,Bonn Forceps(0.12-mm teeth with platforms),Bonn Forceps(0.12-mm teeth with platforms),ReusableBonnholding forceps withplatformsand0.12-mmfacing micro teeth. Can be used to hold the cornea.,ReusableBonnholding forceps withplatformsand0.12-mmfacing micro teeth. Can be used to hold the cornea.,"Reusability: Yes; Packaging: X1; Material*: Stainless steel; Total lenght: 7.5 cm; Tip: 0.12-mm teeth, straight; Handle: Flat, serrated; Intended use: To hold the cornea.","Reusability: Yes; Packaging: X1; Material*: Stainless steel; Total lenght: 7.5 cm; Tip: 0.12-mm teeth, straight; Handle: Flat, serrated; Intended use: To hold the cornea.",https://www.moria-surgical.com/media/cache/product_viewer/files/product/326558c66aba70948d00139dbbdddc4eaed905af.jpg
9510,Moria Surgical,castroviejo-utility-forceps-6-5-mm-platforms-0-3-m,ophthalmology-surgical,active,,"Castroviejo “Utility” Forceps(6.5-mm platforms, 0.3-mm oblique teeth)","Castroviejo “Utility” Forceps(6.5-mm platforms, 0.3-mm oblique teeth)","Castroviejo""Utility"" forceps with 0.3-mm oblique teeth, 6.5-mmplatformsand 10.5-cm total length.Can be used to seize, rotate or manipulate the eyeball without damaging the tissues, to manipulate the scleral edge, to fix the limb, to remove the iris, to lift theconjunctivaand the Tenon facia.","Castroviejo""Utility"" forceps with 0.3-mm oblique teeth, 6.5-mmplatformsand 10.5-cm total length.Can be used to seize, rotate or manipulate the eyeball without damaging the tissues, to manipulate the scleral edge, to fix the limb, to remove the iris, to lift theconjunctivaand the Tenon facia.","Reusability: Yes; Packaging: X1; Material*: Stainless steel; Total length: 10.5 cm; Tip: 6.5-mm platforms, 0.3-mm oblique teeth; Handle: Flat, serrated; Intended use: To grasp, rotate or manipulate the globe without damaging any tissue.","Reusability: Yes; Packaging: X1; Material*: Stainless steel; Total length: 10.5 cm; Tip: 6.5-mm platforms, 0.3-mm oblique teeth; Handle: Flat, serrated; Intended use: To grasp, rotate or manipulate the globe without damaging any tissue.",https://www.moria-surgical.com/media/cache/product_viewer/files/product/b52e3cf62d133816107a33dc932233a4fd4050e1.jpg
2180A,Moria Surgical,bonaccolto-forceps-0-8-mm-serrated-jaws-2180a,ophthalmology-surgical,active,,Bonaccolto Forceps(0.8-mm serrated jaws),Bonaccolto Forceps(0.8-mm serrated jaws),"Straight, standard, 0.8-mm tooth jaws over a 11.0-mm total length.Can be used for dissecting tissue.","Straight, standard, 0.8-mm tooth jaws over a 11.0-mm total length.Can be used for dissecting tissue.","Reusability: Yes; Packaging: X1; Material*: Stainless steel; Length: 110 mm; Tip: 10-mm platforms , 0.7-mm thickness; Handle: Flat; Intended use: To dissect tissue.","Reusability: Yes; Packaging: X1; Material*: Stainless steel; Length: 110 mm; Tip: 10-mm platforms , 0.7-mm thickness; Handle: Flat; Intended use: To dissect tissue.",https://www.moria-surgical.com/media/cache/product_viewer/files/product/ef9c4d28e6ec9ffedf39afb4ea102d447b684e37.jpg
2183,Moria Surgical,forceps-1-mm-serrated-jaws-2183,ophthalmology-surgical,active,,Forceps(1-mm serrated jaws),Forceps(1-mm serrated jaws),"11-cm long, curved, standard, 1-mm serrated forceps over a 9-mm active part.Can be used for dissecting tissue.","11-cm long, curved, standard, 1-mm serrated forceps over a 9-mm active part.Can be used for dissecting tissue.",Reusability: Yes; Packaging: X1; Material*: Stainless steel; Length: 110 mm; Tip: 1-mm serrated jaws; Handle: Flat; Intended use: To delicately manipulate and dissect tissue without damaging it,Reusability: Yes; Packaging: X1; Material*: Stainless steel; Length: 110 mm; Tip: 1-mm serrated jaws; Handle: Flat; Intended use: To delicately manipulate and dissect tissue without damaging it,https://www.moria-surgical.com/media/cache/product_viewer/files/product/f55af023fddafa56988916a2f7c9ea542802dd3f.jpg
2432,Moria Surgical,barraquer-forceps-6-mm-platforms-straight-jaws-243,ophthalmology-surgical,active,,"Barraquer Forceps(6-mm platforms, straight jaws)","Barraquer Forceps(6-mm platforms, straight jaws)","Barraquerforceps with an active tip of 6-mmplatformsand straight jaws, and 11.1-cm length.Can be used to hold the threads duringsutures.","Barraquerforceps with an active tip of 6-mmplatformsand straight jaws, and 11.1-cm length.Can be used to hold the threads duringsutures.","Reusability: Yes; Packaging: X1; Material*: Stainless steel; Total length: 111 mm; Tip: 6-mm platforms, straight jaws; Handle: Flat; Intended use: To hold the suture wire.","Reusability: Yes; Packaging: X1; Material*: Stainless steel; Total length: 111 mm; Tip: 6-mm platforms, straight jaws; Handle: Flat; Intended use: To hold the suture wire.",https://www.moria-surgical.com/media/cache/product_viewer/files/product/0361b1ec7f3731057531b5bb28bdd89be696b2f1.jpg
7431,Moria Surgical,barraquer-forceps-colibri-type-1-mm-platforms-7431,ophthalmology-surgical,active,,"Barraquer Forceps, “Colibri” Type(1-mm platforms)","Barraquer Forceps, “Colibri” Type(1-mm platforms)","Barraquer""Colibri"" tying forceps with an active part of 4-mm curved length and 1-mmplatforms.Can be used to hold the threads duringsutures.","Barraquer""Colibri"" tying forceps with an active part of 4-mm curved length and 1-mmplatforms.Can be used to hold the threads duringsutures.","Reusability: Yes; Packaging: X1; Material*: Stainless steel; Total length: 75 mm; Tip: 1-mm platforms, curved and angled, colibri type; Handle: Flat; Intended use: To hold the suture wire.","Reusability: Yes; Packaging: X1; Material*: Stainless steel; Total length: 75 mm; Tip: 1-mm platforms, curved and angled, colibri type; Handle: Flat; Intended use: To hold the suture wire.",https://www.moria-surgical.com/media/cache/product_viewer/files/product/f134b9b4e02f9b9b4b9ad1b772339bf54b028e86.jpg
7835C,Moria Surgical,moria-forceps-4-mm-platforms-straight-jaws-7835c,ophthalmology-surgical,active,,"Moria Forceps(4-mm platforms, straight jaws)","Moria Forceps(4-mm platforms, straight jaws)","Moria holding forceps with an active tip of 4-mmplatformsandstraightjaws, and 7.5-cm length.Can be used to hold the threads duringsutures.","Moria holding forceps with an active tip of 4-mmplatformsandstraightjaws, and 7.5-cm length.Can be used to hold the threads duringsutures.","Reusability: Yes; Packaging: X1; Material*: Stainless steel; Total length: 75 mm; Tip: 4-mm platforms, straight jaws; Handle: Flat, serrated; Intended use: To hold the suture wire.","Reusability: Yes; Packaging: X1; Material*: Stainless steel; Total length: 75 mm; Tip: 4-mm platforms, straight jaws; Handle: Flat, serrated; Intended use: To hold the suture wire.",https://www.moria-surgical.com/media/cache/product_viewer/files/product/cf2ef94b80978e72a99cfca58aecacf5635a9f78.jpg
TI7835,Moria Surgical,bonn-forceps-titanium-0-12-mm-teeth-with-platforms,ophthalmology-surgical,active,,Bonn Forceps - Titanium(0.12-mm teeth with platforms),Bonn Forceps - Titanium(0.12-mm teeth with platforms),ReusableBonnholding forceps intitaniumwithplatformsand0.12-mmfacing micro teeth. Can be used to hold the cornea.,ReusableBonnholding forceps intitaniumwithplatformsand0.12-mmfacing micro teeth. Can be used to hold the cornea.,"Reusability: Yes; Packaging: X1; Material*: Titanium; Total lenght: 7.5 cm; Tip: 0.12-mm teeth, straight; Handle: Flat, serrated; Intended use: To hold the cornea.","Reusability: Yes; Packaging: X1; Material*: Titanium; Total lenght: 7.5 cm; Tip: 0.12-mm teeth, straight; Handle: Flat, serrated; Intended use: To hold the cornea.",https://www.moria-surgical.com/media/cache/product_viewer/files/product/f73b4f4827e01d131aea404ed2e13966466bf248.jpg
2131,Moria Surgical,lambert-forceps-11-mm-2131,ophthalmology-surgical,active,,Lambert Forceps(11 mm),Lambert Forceps(11 mm),"Total length is 9.6 cm with an active part of 11.5-mm internal diameter, and 13.5-mm external diameter.Can be used in the treatment of chalazion and ptosis.","Total length is 9.6 cm with an active part of 11.5-mm internal diameter, and 13.5-mm external diameter.Can be used in the treatment of chalazion and ptosis.",Reusability: Yes; Packaging: X1; Material*: Stainless steel; Total lenght: 96 mm; TipInternal: 11.5 mmExternal: 13.5 mm; Handle: Flat; Intended use: Used in the treatment of chalazion and ptosis.,Reusability: Yes; Packaging: X1; Material*: Stainless steel; Total lenght: 96 mm; TipInternal: 11.5 mmExternal: 13.5 mm; Handle: Flat; Intended use: Used in the treatment of chalazion and ptosis.,https://www.moria-surgical.com/media/cache/product_viewer/files/product/58f563ab6fadca4557249c0edafcc43d5e0d491d.jpg
2228,Moria Surgical,elschnig-forceps-straight-with-crossed-teeth-2228,ophthalmology-surgical,active,,Elschnig Forceps(straight with crossed teeth),Elschnig Forceps(straight with crossed teeth),"Crossed teeth can be used to seize, rotate or manipulate the eyeball without damaging the tissues, to manipulate the scleral edge, to fix the limb, to remove the iris, to lift the conjunctiva and the Tenon facia.","Crossed teeth can be used to seize, rotate or manipulate the eyeball without damaging the tissues, to manipulate the scleral edge, to fix the limb, to remove the iris, to lift the conjunctiva and the Tenon facia.","Reusability: Yes; Packaging: X1; Material*: Stainless steel; Total lenght: 108 mm; Tip: Crossed teeth; Handle: Flat handle; Intended use: Intended to grasp, rotate or manipulate the globe without damaging any tissue, manipulate the scleral rim, fixate the limbus, remove the iris, to lift the conjonctiva and Tenon’s fascia. Fixation forceps are also mentioned when it is needed to manipulate the superior and/or inferior rectus muscles allowing a gentle traction to the globe.","Reusability: Yes; Packaging: X1; Material*: Stainless steel; Total lenght: 108 mm; Tip: Crossed teeth; Handle: Flat handle; Intended use: Intended to grasp, rotate or manipulate the globe without damaging any tissue, manipulate the scleral rim, fixate the limbus, remove the iris, to lift the conjonctiva and Tenon’s fascia. Fixation forceps are also mentioned when it is needed to manipulate the superior and/or inferior rectus muscles allowing a gentle traction to the globe.",https://www.moria-surgical.com/media/cache/product_viewer/files/product/290a69113325e810a8f1c0127d700aa3557c61d6.jpg
1121B,Moria Surgical,abadie-curette-small-model-8mm-1121b,ophthalmology-surgical,active,,Abadie Curette(small model: Ø 8mm),Abadie Curette(small model: Ø 8mm),"AbadieCuretteis a small reusable curette that can be used foreviscerationprocedures.While its active part measures 8 mm, depth of its solid spoon measures close to 1 mm.","AbadieCuretteis a small reusable curette that can be used foreviscerationprocedures.While its active part measures 8 mm, depth of its solid spoon measures close to 1 mm.",Reusability: Yes; Packaging: X1; Material*: Stainless steel; Size: 128 mm; TipDiameter: 8 mmDepth: close to 1 mm; Intended use: For evisceration,Reusability: Yes; Packaging: X1; Material*: Stainless steel; Size: 128 mm; TipDiameter: 8 mmDepth: close to 1 mm; Intended use: For evisceration,https://www.moria-surgical.com/media/cache/product_viewer/files/product/ceb163bb86b5b67116a81456dc9e50a1e7c3747b.jpg
20028,Moria Surgical,fontana-double-ended-spatula-for-dalk-20028,ophthalmology-surgical,active,,Fontana Double-Ended Spatula(for DALK),Fontana Double-Ended Spatula(for DALK),"One end is a disc-shaped spatula for detachment of intrastromal adherences: semi-sharp rounded design for peripheral dissection, blunt active part.The other end is a foam and flat spatula for stromal dissection: beveled up, blunt tip to protect Descemet’s membrane while cutting posterior stroma.","One end is a disc-shaped spatula for detachment of intrastromal adherences: semi-sharp rounded design for peripheral dissection, blunt active part.The other end is a foam and flat spatula for stromal dissection: beveled up, blunt tip to protect Descemet’s membrane while cutting posterior stroma.","Reusability: Yes; Packaging: X1; Material*: Stainless steel; Length: 105 mm; TipOne end: semi-sharp, rounded spatulaThe other end:  blunt foam, flat spatula for dissection; Intended use: For stromal and peripheral dissection during DALK lamellar keratoplasty","Reusability: Yes; Packaging: X1; Material*: Stainless steel; Length: 105 mm; TipOne end: semi-sharp, rounded spatulaThe other end:  blunt foam, flat spatula for dissection; Intended use: For stromal and peripheral dissection during DALK lamellar keratoplasty",https://www.moria-surgical.com/media/cache/product_viewer/files/product/e03f892fa83a2c8bf5f7ec48867608f3b5fb0be8.jpg
20032,Moria Surgical,ancel-double-ended-spatula-for-lasik-smile-20032,ophthalmology-surgical,active,,"Ancel Double-Ended Spatula(for LASIK, SMILE)","Ancel Double-Ended Spatula(for LASIK, SMILE)","Double-endedinstrument with:an active hook-shaped part,and the other with a blunt spatula.Allows entry into an incision and/or the separation of the stroma during refractive surgery (LASIK,ReLEx SMILE).","Double-endedinstrument with:an active hook-shaped part,and the other with a blunt spatula.Allows entry into an incision and/or the separation of the stroma during refractive surgery (LASIK,ReLEx SMILE).","Reusability: Yes; Packaging: X1; Material*: Stainless steel; Length: 112 mm; Tip: Rounded and blunt, thin at the end and not pointed; Intended use: To enter into an incision and/or to separate the stroma during refractive surgery (LASIK, SMILE).","Reusability: Yes; Packaging: X1; Material*: Stainless steel; Length: 112 mm; Tip: Rounded and blunt, thin at the end and not pointed; Intended use: To enter into an incision and/or to separate the stroma during refractive surgery (LASIK, SMILE).",https://www.moria-surgical.com/media/cache/product_viewer/files/product/ef7661580e4679c98270409ad2535bbc61facf32.jpg
M0570N,Moria Surgical,nichamin-double-ended-spatula-double-ended-m0570n,ophthalmology-surgical,active,,Nichamin Double-Ended Spatula(double-ended),Nichamin Double-Ended Spatula(double-ended),Nichamin Double-Ended Spatula with a sharp 1.25 mm and a blunt spatula tip of 0.5 mm with angulations of 110° and 135° respectively.Can be used to manipulate theintracular lensand/or thecrystalline lensduringcataractsurgery.,Nichamin Double-Ended Spatula with a sharp 1.25 mm and a blunt spatula tip of 0.5 mm with angulations of 110° and 135° respectively.Can be used to manipulate theintracular lensand/or thecrystalline lensduringcataractsurgery.,Reusability: Yes; Packaging: X1; Material*: Stainless steel; Size: 141 mm; TipDouble-ended: phaco-chopper cutting tip & blunt spatulated tip; Instrument base shape: Knurled; Intended use: To manipulate the intraocular lens and/or crystalline lens during cataract surgery.,Reusability: Yes; Packaging: X1; Material*: Stainless steel; Size: 141 mm; TipDouble-ended: phaco-chopper cutting tip & blunt spatulated tip; Instrument base shape: Knurled; Intended use: To manipulate the intraocular lens and/or crystalline lens during cataract surgery.,https://www.moria-surgical.com/media/cache/product_viewer/files/product/5da5962154dcd3ec1354675fc1cfe95f720d9444.jpg
M0489,Moria Surgical,castroviejo-double-ended-spatula-double-ended-m048,ophthalmology-surgical,active,,Castroviejo Double-Ended Spatula(double-ended),Castroviejo Double-Ended Spatula(double-ended),Castroviejodouble-endedspatulawith a sharp spatulated tip and a blunt spatulated tip.Can be used to manipulate theintraocular lensand/or thenucleus.,Castroviejodouble-endedspatulawith a sharp spatulated tip and a blunt spatulated tip.Can be used to manipulate theintraocular lensand/or thenucleus.,Reusability: Yes; Packaging: X1; Material*: Stainless steel; Size: 141 mm; TipDouble-ended: a sharp spatulated tip & a blunt spatulated tip; Instrument base shape: Knurled; Intended use: To manipulate the intraocular lens and/or the nucleus during a cataract surgery,Reusability: Yes; Packaging: X1; Material*: Stainless steel; Size: 141 mm; TipDouble-ended: a sharp spatulated tip & a blunt spatulated tip; Instrument base shape: Knurled; Intended use: To manipulate the intraocular lens and/or the nucleus during a cataract surgery,https://www.moria-surgical.com/media/cache/product_viewer/files/product/ccc24324e3bb1fb64a61c01e57ff5acbea4f69c6.jpg
M0712,Moria Surgical,koch-spatula-6-5-mm-tip-m0712,ophthalmology-surgical,active,,Koch Spatula(6.5-mm tip),Koch Spatula(6.5-mm tip),"119-mm length with a curved active part length of 6.55 mm, and width of 0.85 mm.Can be used to manipulate theintraocular lensand/ornucleusduringcataractsurgery.","119-mm length with a curved active part length of 6.55 mm, and width of 0.85 mm.Can be used to manipulate theintraocular lensand/ornucleusduringcataractsurgery.","Reusability: Yes; Packaging: X1; Material*: Stainless steel; Size: 119 mm; Tip: Blunt, curved; Instrument base shape: Knurled; Intended use: To manipulate the intraocular lens and/or nucleus","Reusability: Yes; Packaging: X1; Material*: Stainless steel; Size: 119 mm; Tip: Blunt, curved; Instrument base shape: Knurled; Intended use: To manipulate the intraocular lens and/or nucleus",https://www.moria-surgical.com/media/cache/product_viewer/files/product/f26bd62398243ceec5dff0e5898786dc7ae50f87.jpg
M32390,Moria Surgical,nagahara-spatula-110-angled-tip-m32390,ophthalmology-surgical,active,,Nagahara Spatula(110° angled tip),Nagahara Spatula(110° angled tip),"116-mm total length, active part with 110° angulation and 0.3-mm diameter.Can be used to manipulate theintraocular lensand/orcrystalline lensduringcataractsurgery.","116-mm total length, active part with 110° angulation and 0.3-mm diameter.Can be used to manipulate theintraocular lensand/orcrystalline lensduringcataractsurgery.","Reusability: Yes; Packaging: X1; Material*: Stainless steel; Size: 116 mm; Tip: Blunt, 110° angulation; Instrument base shape: Knurled; Intended use: To manipulate the lens during cataract surgery.","Reusability: Yes; Packaging: X1; Material*: Stainless steel; Size: 116 mm; Tip: Blunt, 110° angulation; Instrument base shape: Knurled; Intended use: To manipulate the lens during cataract surgery.",https://www.moria-surgical.com/media/cache/product_viewer/files/product/1bacc5a2a42ac64f04188c9bc772aee624608c74.jpg
MC43,Moria Surgical,de-wecker-mosquito-forceps-straight-mc43,ophthalmology-surgical,active,,De Wecker “Mosquito” Forceps(straight),De Wecker “Mosquito” Forceps(straight),Straight and 5.4-cm length with a 2.8-mm active part.Hemostatic forceps with flat handle that can be used to weight down sutures.,Straight and 5.4-cm length with a 2.8-mm active part.Hemostatic forceps with flat handle that can be used to weight down sutures.,"Reusability: Yes; Packaging: X1; Material*: Stainless steel; Total lenght: 54 mm; Tip: Straight, 2.5-mm active part; Handle: Flat; Intended use: Hemostatic forceps to tighten sutures","Reusability: Yes; Packaging: X1; Material*: Stainless steel; Total lenght: 54 mm; Tip: Straight, 2.5-mm active part; Handle: Flat; Intended use: Hemostatic forceps to tighten sutures",https://www.moria-surgical.com/media/cache/product_viewer/files/product/a23554d84427d41de105beaaa7fbaa88e1b21bb9.jpg
2125,Moria Surgical,desmarres-forceps-25-mm-2125,ophthalmology-surgical,active,,Desmarres Forceps(25 mm),Desmarres Forceps(25 mm),Total length is 10 cm with a 25 mm x 15 mm active part with solid side and fenestrated side.Can be used in the treatment of chalazion and ptosis.,Total length is 10 cm with a 25 mm x 15 mm active part with solid side and fenestrated side.Can be used in the treatment of chalazion and ptosis.,Reusability: Yes; Packaging: X1; Material*: Stainless steel; Total lenght: 100 mm; Tip: 28x17 mm external shape and 25x15 mm internal shape; Handle: Flat; Intended use: Used in the treatment of chalazion and ptosis.,Reusability: Yes; Packaging: X1; Material*: Stainless steel; Total lenght: 100 mm; Tip: 28x17 mm external shape and 25x15 mm internal shape; Handle: Flat; Intended use: Used in the treatment of chalazion and ptosis.,https://www.moria-surgical.com/media/cache/product_viewer/files/product/3a82be4215ffa8dba2fef7e6d1ed14234b372c3f.jpg
MC44,Moria Surgical,de-wecker-mosquito-forceps-curved-mc44,ophthalmology-surgical,active,,De Wecker Mosquito Forceps(curved),De Wecker Mosquito Forceps(curved),Curved and 5.4-cm length with a 2.8-mm active part.Hemostatic forceps with flat handle that can be used to weight down sutures.,Curved and 5.4-cm length with a 2.8-mm active part.Hemostatic forceps with flat handle that can be used to weight down sutures.,"Reusability: Yes; Packaging: X1; Material*: Stainless steel; Total lenght: 53 mm; Tip: Curved, 2.5-mm active part; Handle: Flat; Intended use: Hemostatic forceps to tighten sutures","Reusability: Yes; Packaging: X1; Material*: Stainless steel; Total lenght: 53 mm; Tip: Curved, 2.5-mm active part; Handle: Flat; Intended use: Hemostatic forceps to tighten sutures",https://www.moria-surgical.com/media/cache/product_viewer/files/product/c480af99fbbdd8670cd25388e9305c63fa2c8612.jpg
2321,Moria Surgical,de-wecker-forceps-mosquito-straight-cross-action-2,ophthalmology-surgical,active,,"De Wecker Forceps “Mosquito”(straight, cross-action)","De Wecker Forceps “Mosquito”(straight, cross-action)","Straight, cross-action, 7-cm length with a 3.5-mm active part.Hemostatic forceps with flat handle that can be used to weight down sutures.","Straight, cross-action, 7-cm length with a 3.5-mm active part.Hemostatic forceps with flat handle that can be used to weight down sutures.","Reusability: Yes; Packaging: X1; Material*: Stainless steel; Total lenght: 70 mm; Tip: Straight, 3.3mm active part; Handle: Flat; Intended use: Hemostatic forceps to tighten sutures","Reusability: Yes; Packaging: X1; Material*: Stainless steel; Total lenght: 70 mm; Tip: Straight, 3.3mm active part; Handle: Flat; Intended use: Hemostatic forceps to tighten sutures",https://www.moria-surgical.com/media/cache/product_viewer/files/product/6403c53a0296216ef7215e0acc01fb50ef17a5c7.jpg
18158,Moria Surgical,colin-forceps-cross-action-serrated-jaws-18158,ophthalmology-surgical,active,,"Colin Forceps(cross-action, serrated jaws)","Colin Forceps(cross-action, serrated jaws)","Ergonomic, total length is 11.7 cm with 5-mm curved active part.Can be used as a nucleus divider.","Ergonomic, total length is 11.7 cm with 5-mm curved active part.Can be used as a nucleus divider.","Reusability: Yes; Packaging: X1; Material*: Stainless steel; Total length: 117 mm; Tip: 5 mm, curved; Handle: Bird cage; Intended use: Used as a nucleus divider.","Reusability: Yes; Packaging: X1; Material*: Stainless steel; Total length: 117 mm; Tip: 5 mm, curved; Handle: Bird cage; Intended use: Used as a nucleus divider.",https://www.moria-surgical.com/media/cache/product_viewer/files/product/4526e0f8045798ae583b8e813eea858af3e065bb.jpg
2146,Moria Surgical,forceps-straight-medium-size-regular-2146,ophthalmology-surgical,active,,"Forceps(straight, medium size, regular)","Forceps(straight, medium size, regular)",Forceps with smooth platforms.10.4-cm total length with 5.0-mm active part.,Forceps with smooth platforms.10.4-cm total length with 5.0-mm active part.,"Reusability: Yes; Packaging: X1; Material*: Stainless steel; Total lenght: 104 mm; Tip: 5-mm platforms; Handle: Flat, smooth","Reusability: Yes; Packaging: X1; Material*: Stainless steel; Total lenght: 104 mm; Tip: 5-mm platforms; Handle: Flat, smooth",https://www.moria-surgical.com/media/cache/product_viewer/files/product/d4b52a6e075669acbac9a435cb3c8fb42f85efeb.jpg
6031BIS,Moria Surgical,cilia-forceps-swiss-model-1-5-mm-concave-jaws-6031,ophthalmology-surgical,active,,"Cilia Forceps, Swiss model(1.5-mm concave jaws)","Cilia Forceps, Swiss model(1.5-mm concave jaws)","Very thin forceps, with flat and striated handle.9.8-cm total length, with 4.0-mm active part.","Very thin forceps, with flat and striated handle.9.8-cm total length, with 4.0-mm active part.","Reusability: Yes; Packaging: X1; Material*: Stainless steel; Length: 98 mm; Tip: 1.5 mm concave jaws; Handle: Flat, serrated","Reusability: Yes; Packaging: X1; Material*: Stainless steel; Length: 98 mm; Tip: 1.5 mm concave jaws; Handle: Flat, serrated",https://www.moria-surgical.com/media/cache/product_viewer/files/product/4f6e63f1bb47d7f7c8d7570b093d593995d71b38.jpg
13245,Moria Surgical,mac-pherson-moria-forceps-0-2-mm-teeth-with-platfo,ophthalmology-surgical,active,,"Mac Pherson-Moria Forceps(0.2-mm teeth with platforms, angled)","Mac Pherson-Moria Forceps(0.2-mm teeth with platforms, angled)","ReusableMac Pherson-Moria forceps,angled, with0.2-mm teethandplatforms, withclaws. Can be used to hold the eye during ophthalmic surgery.","ReusableMac Pherson-Moria forceps,angled, with0.2-mm teethandplatforms, withclaws. Can be used to hold the eye during ophthalmic surgery.","Reusability: Yes; Packaging: X1; Material*: Stainless steel; Total lenght: 11.8 cm; Tip: 0.2-mm teeth, with claws, angled; Handle: Bird cage design; Intended use: To hold the eye during ophthalmic surgery.","Reusability: Yes; Packaging: X1; Material*: Stainless steel; Total lenght: 11.8 cm; Tip: 0.2-mm teeth, with claws, angled; Handle: Bird cage design; Intended use: To hold the eye during ophthalmic surgery.",https://www.moria-surgical.com/media/cache/product_viewer/files/product/00a7d93095d405ec8f5d09675c0dc1abea40a1d7.jpg
7850C,Moria Surgical,moria-forceps-3-mm-platforms-straight-jaws-7850c,ophthalmology-surgical,active,,"Moria Forceps(3-mm platforms, straight jaws)","Moria Forceps(3-mm platforms, straight jaws)","Moria holding forceps with an active tip of 3-mmplatformsandstraightjaws, and 9.8-cm length.Can be used to hold the threads duringsutures.","Moria holding forceps with an active tip of 3-mmplatformsandstraightjaws, and 9.8-cm length.Can be used to hold the threads duringsutures.","Reusability: Yes; Packaging: X1; Material*: Stainless steel; Total length: 98 mm; Tip: 3-mm platforms, straight jaws; Handle: Flat, serrated; Intended use: To hold the suture wire.","Reusability: Yes; Packaging: X1; Material*: Stainless steel; Total length: 98 mm; Tip: 3-mm platforms, straight jaws; Handle: Flat, serrated; Intended use: To hold the suture wire.",https://www.moria-surgical.com/media/cache/product_viewer/files/product/5c5405afa00cedc0caa35a156d1bf49239c3d0af.jpg
2221,Moria Surgical,barraquer-forceps-straight-with-oblique-teeth-2221,ophthalmology-surgical,active,,Barraquer Forceps(straight with oblique teeth),Barraquer Forceps(straight with oblique teeth),"Total length of the forceps is 10.1 cm with an active oblique part of 9-mm long with 12 x 12 teeth.Can be used to seize, rotate or manipulate the eyeball without damaging the tissues, to manipulate the scleral edge, to fix the limb, to remove the iris, to lift the conjunctive and the Tenon facia. Forceps for holding are also recommended when it is necessary to manipulate the upper and lower eye muscles: they allow you to exercise light traction on the eyeball.","Total length of the forceps is 10.1 cm with an active oblique part of 9-mm long with 12 x 12 teeth.Can be used to seize, rotate or manipulate the eyeball without damaging the tissues, to manipulate the scleral edge, to fix the limb, to remove the iris, to lift the conjunctive and the Tenon facia. Forceps for holding are also recommended when it is necessary to manipulate the upper and lower eye muscles: they allow you to exercise light traction on the eyeball.","Reusability: Yes; Packaging: X1; Material*: Stainless steel; Total lenght: 102 mm; Tip: 9-mm oblique teeth with 12 x 12 teeth; Handle: Flat handle, serrated; Intended use: Intended to grasp, rotate or manipulate the globe without damaging any tissue, manipulate the scleral rim, fixate the limbus, remove the iris, to lift the conjonctiva and Tenon’s fascia. Fixation forceps are also mentioned when it is needed to manipulate the superior and/or inferior rectus muscles allowing a gentle traction to the globe.","Reusability: Yes; Packaging: X1; Material*: Stainless steel; Total lenght: 102 mm; Tip: 9-mm oblique teeth with 12 x 12 teeth; Handle: Flat handle, serrated; Intended use: Intended to grasp, rotate or manipulate the globe without damaging any tissue, manipulate the scleral rim, fixate the limbus, remove the iris, to lift the conjonctiva and Tenon’s fascia. Fixation forceps are also mentioned when it is needed to manipulate the superior and/or inferior rectus muscles allowing a gentle traction to the globe.",https://www.moria-surgical.com/media/cache/product_viewer/files/product/b7a87a37daaf8f7f5e51b8f2370d86be7f9f3638.jpg
20021,Moria Surgical,y-stroma-descemetic-dissector-for-dmek-20021,ophthalmology-surgical,active,,Y Stroma-Descemetic Dissector(for DMEK),Y Stroma-Descemetic Dissector(for DMEK),"Descemetic stroma hook used during the first stage of graft preparation for DMEK surgery, allowing the endothelium to be marked out.","Descemetic stroma hook used during the first stage of graft preparation for DMEK surgery, allowing the endothelium to be marked out.",,,https://www.moria-surgical.com/media/cache/product_viewer/files/product/4193423cb9ba090e6abf86e32d47b3378666d875.jpg
20000,Moria Surgical,crozafon-forceps-1-8-mm-1-8-mm-incision-20000,ophthalmology-surgical,active,,Crozafon Forceps - 1.8 mm(1.8-mm incision),Crozafon Forceps - 1.8 mm(1.8-mm incision),Reusablecapsulorhexis forcepswithcurved active partand ≈45°pointed tip to produce the rhexis of the anterior capsular bag through a1.8-mmincision.,Reusablecapsulorhexis forcepswithcurved active partand ≈45°pointed tip to produce the rhexis of the anterior capsular bag through a1.8-mmincision.,"Reusability: Yes; Packaging: X1; Material*: Stainless steel; SizeTotal length: 117 mm; Tip: Pointed, ≈45°; Other characteristics: Curved active part; Instrument base shape: Bird-cage handle; Intended use: Intended to perform the rhexis of the capsular bag through a 1.8-mm incision","Reusability: Yes; Packaging: X1; Material*: Stainless steel; SizeTotal length: 117 mm; Tip: Pointed, ≈45°; Other characteristics: Curved active part; Instrument base shape: Bird-cage handle; Intended use: Intended to perform the rhexis of the capsular bag through a 1.8-mm incision",https://www.moria-surgical.com/media/cache/product_viewer/files/product/0ba12bba2440b56729f6da0bcd95d36a4b41e686.jpg
18225,Moria Surgical,fechtner-forceps-fine-tying-platforms-18225,ophthalmology-surgical,active,,Fechtner Forceps(fine tying platforms),Fechtner Forceps(fine tying platforms),"Ergonomic,straightand micro platform.Atraumatic thanks to its tip consisting of two rings with an external width of 0.6 mm and an internal width of 0.4 mm. 11.1-cm total length with a 6.0-mm active part.Can be used to manipulate conjunctiva.","Ergonomic,straightand micro platform.Atraumatic thanks to its tip consisting of two rings with an external width of 0.6 mm and an internal width of 0.4 mm. 11.1-cm total length with a 6.0-mm active part.Can be used to manipulate conjunctiva.","Reusability: Yes; Packaging: X1; Material*: Stainless steel; Length: 111 mm; Tip: 6-mm platforms, 0.6-mm tip diameter with hole for grasping; Handle: Bird cage; Intended use: To manipulate conjunctiva.","Reusability: Yes; Packaging: X1; Material*: Stainless steel; Length: 111 mm; Tip: 6-mm platforms, 0.6-mm tip diameter with hole for grasping; Handle: Bird cage; Intended use: To manipulate conjunctiva.",https://www.moria-surgical.com/media/cache/product_viewer/files/product/163a3804e084c45104f02a38e6010a9c206d1b64.jpg
19074,Moria Surgical,iol-explantation-forceps-7-mm-serrated-jaws-19074,ophthalmology-surgical,active,,IOL Explantation Forceps(7-mm serrated jaws),IOL Explantation Forceps(7-mm serrated jaws),"Total length is 11.9 cm, and active part with 7-mm serrated jaws.Can be used to remove implant fragments.","Total length is 11.9 cm, and active part with 7-mm serrated jaws.Can be used to remove implant fragments.",Reusability: Yes; Packaging: X1; Material*: Stainless steel; Total lenght: 119 mm; Tip: 7-mm serrated jaws; Handle: Flat handle; Intended use: Used to remove IOL pieces.,Reusability: Yes; Packaging: X1; Material*: Stainless steel; Total lenght: 119 mm; Tip: 7-mm serrated jaws; Handle: Flat handle; Intended use: Used to remove IOL pieces.,https://www.moria-surgical.com/media/cache/product_viewer/files/product/2389abcaa67406c5a318c15a784047a794f532fc.jpg
MC40,Moria Surgical,dumont-forceps-straight-mc40,ophthalmology-surgical,active,,Dumont Forceps(straight),Dumont Forceps(straight),10.9-cm straight Dumont forceps with tips closing flat on 4 mm.Can be used during deep sclerectomy.,10.9-cm straight Dumont forceps with tips closing flat on 4 mm.Can be used during deep sclerectomy.,"Reusability: Yes; Packaging: X1; Material*: Stainless steel; Length: 109 mm; Tip: Straight, thin; Handle: Flat, serrated; Intended use: Used during deep sclerectomy","Reusability: Yes; Packaging: X1; Material*: Stainless steel; Length: 109 mm; Tip: Straight, thin; Handle: Flat, serrated; Intended use: Used during deep sclerectomy",https://www.moria-surgical.com/media/cache/product_viewer/files/product/95ffd4e95605d57fdf2066f869df11c5aed2122f.jpg
MC40B,Moria Surgical,dumont-forceps-curved-mc40b,ophthalmology-surgical,active,,Dumont Forceps(curved),Dumont Forceps(curved),10.7-cm curved Dumont forceps with tips closing flat on 4 mm.Can be used during deep sclerectomy.,10.7-cm curved Dumont forceps with tips closing flat on 4 mm.Can be used during deep sclerectomy.,"Reusability: Yes; Packaging: X1; Material*: Stainless steel; Total lenght: 107 mm; Tip: Curved, thin; Handle: Flat, serrated; Intended use: To perform deep sclerectomy during glaucoma surgery","Reusability: Yes; Packaging: X1; Material*: Stainless steel; Total lenght: 107 mm; Tip: Curved, thin; Handle: Flat, serrated; Intended use: To perform deep sclerectomy during glaucoma surgery",https://www.moria-surgical.com/media/cache/product_viewer/files/product/e622a759841afcfc7548f7b5ff387160be14c2da.jpg
19079,Moria Surgical,hachet-capsulorhexis-forceps-2-2-mm-incision-cross,ophthalmology-surgical,active,,"Hachet Capsulorhexis Forceps(2.2-mm incision, cross-action)","Hachet Capsulorhexis Forceps(2.2-mm incision, cross-action)",Cross-action capsulorhexis forcepswithcurved active partand  ≈45°pointed tip to produce the rhexis of the anterior capsular bag through a2.2-mmincision.,Cross-action capsulorhexis forcepswithcurved active partand  ≈45°pointed tip to produce the rhexis of the anterior capsular bag through a2.2-mmincision.,"Reusability: Yes; Packaging: X1; Material*: Stainless steel; SizeTotal length: 120 mm; Tip: Pointed, ≈45°; Other characteristics: Curved active part, cross-action; Instrument base shape: Bird-cage handle; Intended use: Intended to perform the rhexis of the capsular bag through a 2.2-mm incision","Reusability: Yes; Packaging: X1; Material*: Stainless steel; SizeTotal length: 120 mm; Tip: Pointed, ≈45°; Other characteristics: Curved active part, cross-action; Instrument base shape: Bird-cage handle; Intended use: Intended to perform the rhexis of the capsular bag through a 2.2-mm incision",https://www.moria-surgical.com/media/cache/product_viewer/files/product/64cdfcd64ecd08283770676ae0c9c7622425d9f1.jpg
19082,Moria Surgical,de-laage-forceps-curved-19082,ophthalmology-surgical,active,,De Laage Forceps(curved),De Laage Forceps(curved),Total length is 94 cm with 7-mm curved active part.Can be used for deep sclerectomy.,Total length is 94 cm with 7-mm curved active part.Can be used for deep sclerectomy.,Reusability: Yes; Packaging: X1; Material*: Stainless steel; Total lenght: 94 mm; Tip: Serrated active part; Handle: Flat; Intended use: Glaucoma forceps for deep sclerectomy,Reusability: Yes; Packaging: X1; Material*: Stainless steel; Total lenght: 94 mm; Tip: Serrated active part; Handle: Flat; Intended use: Glaucoma forceps for deep sclerectomy,https://www.moria-surgical.com/media/cache/product_viewer/files/product/1a196ed2038c6f2e3234dc750221c4e3a38265d3.jpg
20001,Moria Surgical,crozafon-micro-pre-chopper-cross-action-2-2-mm-inc,ophthalmology-surgical,active,,"Crozafon Micro Pre-Chopper(cross-action, 2.2-mm incision)","Crozafon Micro Pre-Chopper(cross-action, 2.2-mm incision)",Total length of 120 mm with an active part in the shape of a forceps whose length is 5 mm over 1 mm. Sharp pointed tip.Can be used during cataract surgery to fragment the nucleus.,Total length of 120 mm with an active part in the shape of a forceps whose length is 5 mm over 1 mm. Sharp pointed tip.Can be used during cataract surgery to fragment the nucleus.,"Reusability: Yes; Packaging: X1; Material*: Stainless steel; Total lenght: 120 mm; Tip: 5 mm, sharp pointed tip; Handle: Bird cage; Intended use: Used during cataract surgery to fragment the nucleus.","Reusability: Yes; Packaging: X1; Material*: Stainless steel; Total lenght: 120 mm; Tip: 5 mm, sharp pointed tip; Handle: Bird cage; Intended use: Used during cataract surgery to fragment the nucleus.",https://www.moria-surgical.com/media/cache/product_viewer/files/product/8b4e030050a8e955947a71c9ab342da5578b6bc1.jpg
6223,Moria Surgical,de-saint-martin-barraquer-forceps-5-mm-tying-platf,ophthalmology-surgical,active,,"De Saint Martin-Barraquer Forceps(5-mm tying platforms, 0.5-mm oblique teeth)","De Saint Martin-Barraquer Forceps(5-mm tying platforms, 0.5-mm oblique teeth)","Saint Martin-BarraquerForceps with 5-mm tyingplatforms, 0.5-mm thin oblique teeth, and 9-cm length.Can be used for scleral and conjunctivalsutures.","Saint Martin-BarraquerForceps with 5-mm tyingplatforms, 0.5-mm thin oblique teeth, and 9-cm length.Can be used for scleral and conjunctivalsutures.","Reusability: Yes; Packaging: X1; Material*: Stainless steel; Total length: 9 cm; Tip: 0.5-mm oblique teeth, 5-mm tying platforms; Handle: Flat, serrated; Intended use: For scleral and conjunctival sutures.","Reusability: Yes; Packaging: X1; Material*: Stainless steel; Total length: 9 cm; Tip: 0.5-mm oblique teeth, 5-mm tying platforms; Handle: Flat, serrated; Intended use: For scleral and conjunctival sutures.",https://www.moria-surgical.com/media/cache/product_viewer/files/product/be7f611dba8576859dbee133cbb54c3c3f215cda.jpg
20003,Moria Surgical,ogawa-forceps-for-dsaek-graft-insertion-20003,ophthalmology-surgical,active,,Ogawa Forceps(for DSAEK graft insertion),Ogawa Forceps(for DSAEK graft insertion),"11.6-cm length with an active part in the shape of forceps of 0.5 mm over 0.45 mm.Can be used for donor button insertion during lamellar keratoplasty.blunt tips for the release of donor tissue inside the patient’s eyeangulation of handle optimized for a fingertip controlwhen the instrument is closed, active tips remain slightly open not to compress the donor tissue.","11.6-cm length with an active part in the shape of forceps of 0.5 mm over 0.45 mm.Can be used for donor button insertion during lamellar keratoplasty.blunt tips for the release of donor tissue inside the patient’s eyeangulation of handle optimized for a fingertip controlwhen the instrument is closed, active tips remain slightly open not to compress the donor tissue.",Reusability: Yes; Packaging: X1; Material*: Stainless steel; Total length: 116 mm; Tip: Angled active part length 10 mm and round final plate diameter 0.8 mm; Handle: Bird cage; Intended use: For DSAEK donor button insertion during lamellar keratoplasty,Reusability: Yes; Packaging: X1; Material*: Stainless steel; Total length: 116 mm; Tip: Angled active part length 10 mm and round final plate diameter 0.8 mm; Handle: Bird cage; Intended use: For DSAEK donor button insertion during lamellar keratoplasty,https://www.moria-surgical.com/media/cache/product_viewer/files/product/254578e4459990e1140db1edfc3405a555853f06.jpg
20004,Moria Surgical,20g-busin-forceps-20g-distal-control-20004,ophthalmology-surgical,active,,"20G Busin Forceps(20G, distal control)","20G Busin Forceps(20G, distal control)",14.7-cm long with an active part length of 2.2 cm.Can be used to place a cornealDSAEKgraft in the anterior chamber using the pull-through technique during endothelial keratoplasty.,14.7-cm long with an active part length of 2.2 cm.Can be used to place a cornealDSAEKgraft in the anterior chamber using the pull-through technique during endothelial keratoplasty.,"Reusability: Yes; Packaging: X1; Material*: Active part stainless steel, handle titanium; Total length: 147 mm; Tip: Curved, with opening width of 0.8 mm; Handle: Bird cage; Intended use: Intended to pull the donor tissue into the anterior chamber (“pull-through” technique).","Reusability: Yes; Packaging: X1; Material*: Active part stainless steel, handle titanium; Total length: 147 mm; Tip: Curved, with opening width of 0.8 mm; Handle: Bird cage; Intended use: Intended to pull the donor tissue into the anterior chamber (“pull-through” technique).",https://www.moria-surgical.com/media/cache/product_viewer/files/product/93e5eabfdb437e9e66702432d6057431ce33fe29.jpg
9980,Moria Surgical,micro-surgery-forceps-straight-ultra-thin-tip-9980,ophthalmology-surgical,active,,"Micro-Surgery Forceps(straight, ultra-thin tip)","Micro-Surgery Forceps(straight, ultra-thin tip)","Forceps for micro-surgery, straight, ultra-thin, 13-cm long.","Forceps for micro-surgery, straight, ultra-thin, 13-cm long.",Reusability: Yes; Packaging: X1; Material*: Stainless steel; Length: 130 mm; Tip: Ultra thin N°5; Handle: Flat; Intended use: To manipulate tissues during various ophthalmic surgeries,Reusability: Yes; Packaging: X1; Material*: Stainless steel; Length: 130 mm; Tip: Ultra thin N°5; Handle: Flat; Intended use: To manipulate tissues during various ophthalmic surgeries,https://www.moria-surgical.com/media/cache/product_viewer/files/product/deaf73af25e0cc0747992b84c14d59e2a7b7bdd7.jpg
9983,Moria Surgical,micro-surgery-forceps-straight-9983,ophthalmology-surgical,active,,Micro-Surgery Forceps(straight),Micro-Surgery Forceps(straight),"Forceps for micro-surgery, straight, ultra-thin, 13-cm long.","Forceps for micro-surgery, straight, ultra-thin, 13-cm long.",Reusability: Yes; Packaging: X1; Material*: Stainless steel; Length: 130 mm; Tip: Ultra thin N°3; Handle: Flat; Intended use: To manipulate tissues during various ophthalmic surgeries,Reusability: Yes; Packaging: X1; Material*: Stainless steel; Length: 130 mm; Tip: Ultra thin N°3; Handle: Flat; Intended use: To manipulate tissues during various ophthalmic surgeries,https://www.moria-surgical.com/media/cache/product_viewer/files/product/ad0406bd4ed6a5804c88ce12eed48ffaf58e6e92.jpg
9987,Moria Surgical,micro-surgery-forceps-curved-9987,ophthalmology-surgical,active,,Micro-Surgery Forceps(curved),Micro-Surgery Forceps(curved),"Forceps for micro-surgery, curved, ultra-thin, 12.8-cm long.","Forceps for micro-surgery, curved, ultra-thin, 12.8-cm long.",Reusability: Yes; Packaging: X1; Material*: Stainless steel; Length: 128 mm; Tip: Thin N°7; Handle: Flat; Intended use: To manipulate tissues during various ophthalmic surgeries,Reusability: Yes; Packaging: X1; Material*: Stainless steel; Length: 128 mm; Tip: Thin N°7; Handle: Flat; Intended use: To manipulate tissues during various ophthalmic surgeries,https://www.moria-surgical.com/media/cache/product_viewer/files/product/ba31f2a11f8fb09b9e1308e11ffc2f75b204f83b.jpg
MC31,Moria Surgical,iris-forceps-curved-serrated-jaws-mc31,ophthalmology-surgical,active,,"Iris Forceps(curved, serrated jaws)","Iris Forceps(curved, serrated jaws)","Curved, serrated iris forceps with a length of 9.8 cm.Can be used to manipulate the iris.","Curved, serrated iris forceps with a length of 9.8 cm.Can be used to manipulate the iris.","Reusability: Yes; Packaging: X1; Material*: Stainless steel; Length: 98 mm; Tip: 0.4-mm, curved, serrated jaws; Handle: Flat; Intended use: To delicately manipulate the iris","Reusability: Yes; Packaging: X1; Material*: Stainless steel; Length: 98 mm; Tip: 0.4-mm, curved, serrated jaws; Handle: Flat; Intended use: To delicately manipulate the iris",https://www.moria-surgical.com/media/cache/product_viewer/files/product/f129dcb4bc3cd5a3f464e111f76a1f2aef50da1d.jpg
7384,Moria Surgical,castroviejo-forceps-6-mm-tying-platforms-0-4-mm-ob,ophthalmology-surgical,active,,"Castroviejo Forceps(6-mm tying platforms, 0.4-mm oblique teeth)","Castroviejo Forceps(6-mm tying platforms, 0.4-mm oblique teeth)","CastroviejoForceps with 6-mm tyingplatforms, 0.4-mm oblique teeth, and 10-cm length.Can be used for scleral and conjunctivalsutures.","CastroviejoForceps with 6-mm tyingplatforms, 0.4-mm oblique teeth, and 10-cm length.Can be used for scleral and conjunctivalsutures.","Reusability: Yes; Packaging: X1; Material*: Stainless steel; Total length: 10 cm; Tip: 0.4-mm oblique teeth, 6-mm thread platforms; Handle: Flat, serrated; Intended use: For scleral and conjunctival sutures.","Reusability: Yes; Packaging: X1; Material*: Stainless steel; Total length: 10 cm; Tip: 0.4-mm oblique teeth, 6-mm thread platforms; Handle: Flat, serrated; Intended use: For scleral and conjunctival sutures.",https://www.moria-surgical.com/media/cache/product_viewer/files/product/aff70dbe5349473cb146a8aae9c23a7a5a18fd10.jpg
3225,Moria Surgical,burrato-sinskey-manipulator-hook-angled-active-par,ophthalmology-surgical,active,,Burrato-Sinskey Manipulator Hook(angled active part with a 0.7-mm angled tip),Burrato-Sinskey Manipulator Hook(angled active part with a 0.7-mm angled tip),"12.1-cm total length with an angled, active part with collar button olive tip.Can be used to implant, position, rotate and manipulate an intraocular lens (IOL)in the anterior or posterior chamber without damaging it.","12.1-cm total length with an angled, active part with collar button olive tip.Can be used to implant, position, rotate and manipulate an intraocular lens (IOL)in the anterior or posterior chamber without damaging it.","Reusability: Yes; Packaging: X1; Material*: Stainless steel; Size: 121 mm; Tip: Blunt, 0.7 mm, angled; Instrument base shape: Knurled; Intended use: To implant, position, rotate and manipulate an intraocular lens (IOL) in the anterior or posterior chamber.","Reusability: Yes; Packaging: X1; Material*: Stainless steel; Size: 121 mm; Tip: Blunt, 0.7 mm, angled; Instrument base shape: Knurled; Intended use: To implant, position, rotate and manipulate an intraocular lens (IOL) in the anterior or posterior chamber.",https://www.moria-surgical.com/media/cache/product_viewer/files/product/95d8cc27dd0d079e0296069df0cbb4352bca5acf.jpg
13238,Moria Surgical,blaydes-forceps-cross-action-7-mm-jaws-13238,ophthalmology-surgical,active,,"Blaydes Forceps(cross-action, 7-mm jaws)","Blaydes Forceps(cross-action, 7-mm jaws)","Total length is 11.9 cm with 13-mm active part. Ergonomic handle, delicate and blunt, 7-mm flat blunt jaws.Can be used to implant or explant an intraocular lens.","Total length is 11.9 cm with 13-mm active part. Ergonomic handle, delicate and blunt, 7-mm flat blunt jaws.Can be used to implant or explant an intraocular lens.",Reusability: Yes; Packaging: X1; Material*: Stainless steel; Total lenght: 119 mm; Tip: 13-mm active part with 7-mm flat blunt jaws; Handle: Flat handle; Intended use: To implant or explant an intraocular lens.,Reusability: Yes; Packaging: X1; Material*: Stainless steel; Total lenght: 119 mm; Tip: 13-mm active part with 7-mm flat blunt jaws; Handle: Flat handle; Intended use: To implant or explant an intraocular lens.,https://www.moria-surgical.com/media/cache/product_viewer/files/product/973e7f8059cf22b438cb418d8d342bca9a3f74a4.jpg
13167,Moria Surgical,moria-forceps-7-mm-platforms-straight-10-0-13167,ophthalmology-surgical,active,,"Moria Forceps(7-mm platforms, straight, 10/0)","Moria Forceps(7-mm platforms, straight, 10/0)","Moria forceps with a flat serrated handle,straight, for 10/0 monofilament, with 7-mm thinplatforms, and 10.5-cm length.Peut être utilisé pour maintenir les fils lors dessutures.","Moria forceps with a flat serrated handle,straight, for 10/0 monofilament, with 7-mm thinplatforms, and 10.5-cm length.Peut être utilisé pour maintenir les fils lors dessutures.","Reusability: Yes; Packaging: X1; Material*: Stainless steel; Total length: 105 mm; Tip: 7-mm platforms, straight; Handle: Flat, serrated; Intended use: To hold the suture wire (10/0).","Reusability: Yes; Packaging: X1; Material*: Stainless steel; Total length: 105 mm; Tip: 7-mm platforms, straight; Handle: Flat, serrated; Intended use: To hold the suture wire (10/0).",https://www.moria-surgical.com/media/cache/product_viewer/files/product/1fbde9cdc1cc4c82b862989a44636e2a25973e5e.jpg
13261,Moria Surgical,waring-forceps-7-mm-jaws-13261,ophthalmology-surgical,active,,Waring Forceps(7-mm jaws),Waring Forceps(7-mm jaws),Total length is 11.7 cm with an active part incorporating 7-mm platforms.Can be used to implant or explant an intraocular lens.,Total length is 11.7 cm with an active part incorporating 7-mm platforms.Can be used to implant or explant an intraocular lens.,Reusability: Yes; Packaging: X1; Material*: Stainless steel; Total lenght: 117 mm; Tip: 7-mm platforms; Handle: Bird cage design; Intended use: To implant or explant an intraocular lens,Reusability: Yes; Packaging: X1; Material*: Stainless steel; Total lenght: 117 mm; Tip: 7-mm platforms; Handle: Bird cage design; Intended use: To implant or explant an intraocular lens,https://www.moria-surgical.com/media/cache/product_viewer/files/product/065bc72f2f6f73b619b7abd725855d952a108e43.jpg
17161,Moria Surgical,faulkner-holding-forceps-7-mm-jaws-17161,ophthalmology-surgical,active,,Faulkner Holding Forceps(7-mm jaws),Faulkner Holding Forceps(7-mm jaws),"Total length is 11.7 cm with 11-mm active part with 7-mm inclined, blunt and rounded jaws.Can be used to implant or explant a pliable intraocular lens in an incision.","Total length is 11.7 cm with 11-mm active part with 7-mm inclined, blunt and rounded jaws.Can be used to implant or explant a pliable intraocular lens in an incision.","Reusability: Yes; Packaging: X1; Material*: Stainless steel; Total lenght: 117 mm; Tip: 12-mm angled active part, blunt and rounded jaws; Handle: Ergonomic; Intended use: Intended to implant or explant an intraocular lens","Reusability: Yes; Packaging: X1; Material*: Stainless steel; Total lenght: 117 mm; Tip: 12-mm angled active part, blunt and rounded jaws; Handle: Ergonomic; Intended use: Intended to implant or explant an intraocular lens",https://www.moria-surgical.com/media/cache/product_viewer/files/product/57eb70fe02139a82ff78cee7f2fc67f8012b0619.jpg
19003,Moria Surgical,implant-forceps-8-mm-jaws-19003,ophthalmology-surgical,active,,Implant Forceps(8-mm jaws),Implant Forceps(8-mm jaws),12.8-cm direct-acting implant forceps with a 8-mm active part.Can be used to implant or explant a silicon or acrylic lens.,12.8-cm direct-acting implant forceps with a 8-mm active part.Can be used to implant or explant a silicon or acrylic lens.,Reusability: Yes; Packaging: X1; Material*: Stainless steel; Total lenght: 128 mm; Tip: 8 mm; Handle: Bird cage design; Intended use: Intended to implant or explant an intraocular lens,Reusability: Yes; Packaging: X1; Material*: Stainless steel; Total lenght: 128 mm; Tip: 8 mm; Handle: Bird cage design; Intended use: Intended to implant or explant an intraocular lens,https://www.moria-surgical.com/media/cache/product_viewer/files/product/6857dd922ebd20494541698d7ac30130068ae3c2.jpg
7850B,Moria Surgical,moria-forceps-0-18-mm-teeth-with-platforms-7850b,ophthalmology-surgical,active,,Moria Forceps(0.18-mm teeth with platforms),Moria Forceps(0.18-mm teeth with platforms),"ReusableBonnholding forceps withplatformsand0.18-mmfacing micro teeth, bayonet-shaped. Can be used to hold the cornea.","ReusableBonnholding forceps withplatformsand0.18-mmfacing micro teeth, bayonet-shaped. Can be used to hold the cornea.","Reusability: Yes; Packaging: X1; Material*: Stainless steel; Total lenght: 10 cm; Tip: 0.18-mm teeth, bayonet-shaped; Handle: Flat; Intended use: To hold the cornea.","Reusability: Yes; Packaging: X1; Material*: Stainless steel; Total lenght: 10 cm; Tip: 0.18-mm teeth, bayonet-shaped; Handle: Flat; Intended use: To hold the cornea.",https://www.moria-surgical.com/media/cache/product_viewer/files/product/435396148f33d350765bd6c7c0d1c1cbc272d366.jpg
9604,Moria Surgical,troutman-forceps-8-mm-platforms-straight-9604,ophthalmology-surgical,active,,"Troutman Forceps(8-mm platforms, straight)","Troutman Forceps(8-mm platforms, straight)","Troutmanforceps with a flat serrated handle,straightand thin, with 8-mmplatforms, and 9.5-cm length.Can be used to hold the threads duringsutures.","Troutmanforceps with a flat serrated handle,straightand thin, with 8-mmplatforms, and 9.5-cm length.Can be used to hold the threads duringsutures.","Reusability: Yes; Packaging: X1; Material*: Stainless steel; Total length: 95 mm; Tip: 8-mm platforms, straight; Handle: Flat, serrated; Intended use: To hold the suture wire (10/0).","Reusability: Yes; Packaging: X1; Material*: Stainless steel; Total length: 95 mm; Tip: 8-mm platforms, straight; Handle: Flat, serrated; Intended use: To hold the suture wire (10/0).",https://www.moria-surgical.com/media/cache/product_viewer/files/product/8ef02617faa551c5dc862face3a1cc067d968c5f.jpg
9605,Moria Surgical,troutman-forceps-7-5-mm-platforms-curved-9605,ophthalmology-surgical,active,,"Troutman Forceps(7.5-mm platforms, curved)","Troutman Forceps(7.5-mm platforms, curved)","Troutmanforceps with a flat serrated handle,curvedand thin, with 7.5-mmplatforms, and 9.5-cm length.Can be used to hold the threads duringsutures.","Troutmanforceps with a flat serrated handle,curvedand thin, with 7.5-mmplatforms, and 9.5-cm length.Can be used to hold the threads duringsutures.","Reusability: Yes; Packaging: X1; Material*: Stainless steel; Total length: 95 mm; Tip: 7.5-mm platforms, curved; Handle: Flat, serrated; Intended use: To hold the suture wire (10/0).","Reusability: Yes; Packaging: X1; Material*: Stainless steel; Total length: 95 mm; Tip: 7.5-mm platforms, curved; Handle: Flat, serrated; Intended use: To hold the suture wire (10/0).",https://www.moria-surgical.com/media/cache/product_viewer/files/product/dd2fe056dee59b69610054d588fb888f97b409ea.jpg
13168,Moria Surgical,moria-forceps-6-mm-platforms-curved-10-0-13168,ophthalmology-surgical,active,,"Moria Forceps(6-mm platforms, curved, 10/0)","Moria Forceps(6-mm platforms, curved, 10/0)","Moria forceps with a flat serrated handle,curved, for 10/0 monofilament, with 6-mm thinplatforms, and 10.4-cm length.Can be used to hold the threads duringsutures.","Moria forceps with a flat serrated handle,curved, for 10/0 monofilament, with 6-mm thinplatforms, and 10.4-cm length.Can be used to hold the threads duringsutures.","Reusability: Yes; Packaging: X1; Material*: Stainless steel; Total length: 105 mm; Tip: 6.5-mm platforms, curved; Handle: Flat; Intended use: To hold the suture wire (10/0).","Reusability: Yes; Packaging: X1; Material*: Stainless steel; Total length: 105 mm; Tip: 6.5-mm platforms, curved; Handle: Flat; Intended use: To hold the suture wire (10/0).",https://www.moria-surgical.com/media/cache/product_viewer/files/product/10d23455b5276d8f968c9c596292f671c77be3dd.jpg
3222,Moria Surgical,jayle-forceps-7-mm-tying-platforms-0-8-mm-teeth-32,ophthalmology-surgical,active,,"Jayle Forceps(7-mm tying platforms, 0.8-mm teeth)","Jayle Forceps(7-mm tying platforms, 0.8-mm teeth)",JayleForceps with 7-mm tyingplatformsand 0.8-mm teeth.Can be used for scleral and conjunctivalsutures.,JayleForceps with 7-mm tyingplatformsand 0.8-mm teeth.Can be used for scleral and conjunctivalsutures.,"Reusability: Yes; Packaging: X1; Material*: Stainless steel; Total length: 11 cm; Tip: 0.8-mm teeth, 7-mm tying platforms; Handle: Flat, serrated; Intended use: For scleral and conjunctival sutures.","Reusability: Yes; Packaging: X1; Material*: Stainless steel; Total length: 11 cm; Tip: 0.8-mm teeth, 7-mm tying platforms; Handle: Flat, serrated; Intended use: For scleral and conjunctival sutures.",https://www.moria-surgical.com/media/cache/product_viewer/files/product/224dbe33a1bc5c0736d4ae09462ea0ca28564c7c.jpg
13241,Moria Surgical,moria-forceps-7-mm-platforms-straight-10-0-13241,ophthalmology-surgical,active,,"Moria Forceps(7-mm platforms, straight, 10/0)","Moria Forceps(7-mm platforms, straight, 10/0)","Moria forceps with abird cagehandle,straight, for10/0monofilament, with 7-mm thinplatforms, and 12-cm length.Can be used to hold the threads duringsutures.","Moria forceps with abird cagehandle,straight, for10/0monofilament, with 7-mm thinplatforms, and 12-cm length.Can be used to hold the threads duringsutures.","Reusability: Yes; Packaging: X1; Material*: Stainless steel; Total length: 120 mm; Tip: 7-mm platforms, straight; Handle: Bird cage design; Intended use: To hold the suture wire (10/0).","Reusability: Yes; Packaging: X1; Material*: Stainless steel; Total length: 120 mm; Tip: 7-mm platforms, straight; Handle: Bird cage design; Intended use: To hold the suture wire (10/0).",https://www.moria-surgical.com/media/cache/product_viewer/files/product/0c6c49fcb703def36f0e88a44620aa447d490f9f.jpg
13243,Moria Surgical,moria-forceps-7-5-mm-platforms-curved-10-0-13243,ophthalmology-surgical,active,,"Moria Forceps(7.5-mm platforms, curved, 10/0)","Moria Forceps(7.5-mm platforms, curved, 10/0)","Moria Forceps with abird cage handle,curved, for10/0monofilament, with 7.5-mmplatforms,and 12-cm length.Can be used to hold the threads duringsutures.","Moria Forceps with abird cage handle,curved, for10/0monofilament, with 7.5-mmplatforms,and 12-cm length.Can be used to hold the threads duringsutures.","Reusability: Yes; Packaging: X1; Material*: Stainless steel; Total length: 120 mm; Tip: 7.5-mm platforms, curved; Handle: Bird cage design; Intended use: To hold the suture wire 10/0","Reusability: Yes; Packaging: X1; Material*: Stainless steel; Total length: 120 mm; Tip: 7.5-mm platforms, curved; Handle: Bird cage design; Intended use: To hold the suture wire 10/0",https://www.moria-surgical.com/media/cache/product_viewer/files/product/bf8983af0fbd5594580029f748291a05a0bd9201.jpg
13242,Moria Surgical,mac-pherson-forceps-11-mm-platforms-angled-10-0-13,ophthalmology-surgical,active,,"Mac Pherson Forceps(11-mm platforms, angled, 10/0)","Mac Pherson Forceps(11-mm platforms, angled, 10/0)","Mac Phersonforceps with abird cagehandle, angled, for 10/0 monofilament, with 11-mmplatforms, and 12.0-cm length.Can be used to hold the threads duringsutures.","Mac Phersonforceps with abird cagehandle, angled, for 10/0 monofilament, with 11-mmplatforms, and 12.0-cm length.Can be used to hold the threads duringsutures.","Reusability: Yes; Packaging: X1; Material*: Stainless steel; Total length: 120 mm; Tip: 11-mm platforms, angled; Handle: Bird cage design; Intended use: To hold the suture wire (10/0).","Reusability: Yes; Packaging: X1; Material*: Stainless steel; Total length: 120 mm; Tip: 11-mm platforms, angled; Handle: Bird cage design; Intended use: To hold the suture wire (10/0).",https://www.moria-surgical.com/media/cache/product_viewer/files/product/71f0c5780cecc49257ec7a3d2b34ce9ff7f94b49.jpg
2420A,Moria Surgical,prince-blascovics-forceps-right-side-for-strabismu,ophthalmology-surgical,active,,"Prince-Blascovics Forceps(right side, for strabismus)","Prince-Blascovics Forceps(right side, for strabismus)",Active part angled over 11.5 mm in length and 2.5 mm in width.Can be used for strabismus surgery.,Active part angled over 11.5 mm in length and 2.5 mm in width.Can be used for strabismus surgery.,"Reusability: Yes; Packaging: X1; Material*: Stainless steel; Total lenght: 105 mm; Tip: 2.5 mm, right side; Handle: Flat; Intended use: Can be used for strabismus surgery","Reusability: Yes; Packaging: X1; Material*: Stainless steel; Total lenght: 105 mm; Tip: 2.5 mm, right side; Handle: Flat; Intended use: Can be used for strabismus surgery",https://www.moria-surgical.com/media/cache/product_viewer/files/product/4343cab03b51e77e53ff67558e60d4c04320340b.jpg
2420B,Moria Surgical,prince-blascovics-forceps-left-side-for-strabismus,ophthalmology-surgical,active,,"Prince-Blascovics Forceps(left side, for strabismus)","Prince-Blascovics Forceps(left side, for strabismus)",Active part angled over 11.5 mm in length and 2.5 mm in width.Can be used for strabismus surgery.,Active part angled over 11.5 mm in length and 2.5 mm in width.Can be used for strabismus surgery.,"Reusability: Yes; Packaging: X1; Material*: Stainless steel; Total lenght: 103 mm; Tip: 2.5 mm, left side; Handle: Flat; Intended use: Can be used for strabismus surgery","Reusability: Yes; Packaging: X1; Material*: Stainless steel; Total lenght: 103 mm; Tip: 2.5 mm, left side; Handle: Flat; Intended use: Can be used for strabismus surgery",https://www.moria-surgical.com/media/cache/product_viewer/files/product/01219733acad1001be42427de8ab8fee71e56ebe.jpg
11081,Moria Surgical,bangerter-forceps-with-pushbutton-11081,ophthalmology-surgical,active,,Bangerter Forceps(with pushbutton),Bangerter Forceps(with pushbutton),Length of the forceps is 8.6 cm with a 13-mm active part.Can be used for strabismus surgery.,Length of the forceps is 8.6 cm with a 13-mm active part.Can be used for strabismus surgery.,"Reusability: Yes; Packaging: X1; Material*: Stainless steel; Total lenght: 86 mm; Tip: 13 mm; Handle: Round, with a push button; Intended use: Can be used for strabismus surgery","Reusability: Yes; Packaging: X1; Material*: Stainless steel; Total lenght: 86 mm; Tip: 13 mm; Handle: Round, with a push button; Intended use: Can be used for strabismus surgery",https://www.moria-surgical.com/media/cache/product_viewer/files/product/a8f594d73eeb494afe47c7060570d1eb58f1b770.jpg
20022,Moria Surgical,micro-dissector-for-dmek-20022,ophthalmology-surgical,active,,Micro-Dissector(for DMEK),Micro-Dissector(for DMEK),Total length is 11.7 cm with a 3-mm active tip.The Micro-Dissector initiates the removal of theendotheliumfrom cleavage plane duringDMEKgraft preparation.,Total length is 11.7 cm with a 3-mm active tip.The Micro-Dissector initiates the removal of theendotheliumfrom cleavage plane duringDMEKgraft preparation.,"Reusability: Yes; Packaging: X1; Material*: Stainless steel; Size: 117 mm; Tip: 3-mm, curved; Intended use: To prepare an endothelial graft during DMEK surgery","Reusability: Yes; Packaging: X1; Material*: Stainless steel; Size: 117 mm; Tip: 3-mm, curved; Intended use: To prepare an endothelial graft during DMEK surgery",https://www.moria-surgical.com/media/cache/product_viewer/files/product/0cbfe746f178674442f7b994e1960a918e24d0c2.jpg
20016,Moria Surgical,renard-corneal-dissector-spatula-for-keratoplasty-,ophthalmology-surgical,active,,Renard Corneal Dissector Spatula(for keratoplasty),Renard Corneal Dissector Spatula(for keratoplasty),"12.7-cm long spatula with a 10-mm long, sharp, angled active part.Can be used to separate different layers of the cornea.","12.7-cm long spatula with a 10-mm long, sharp, angled active part.Can be used to separate different layers of the cornea.","Reusability: Yes; Packaging: X1; Material*: Stainless steel; Length: 127 mm; Tip: 10-mm, sharp, angled; Intended use: Can be used to separate different layers of the cornea.","Reusability: Yes; Packaging: X1; Material*: Stainless steel; Length: 127 mm; Tip: 10-mm, sharp, angled; Intended use: Can be used to separate different layers of the cornea.",https://www.moria-surgical.com/media/cache/product_viewer/files/product/07c4d14c6877803f13f2b4a10ed6747a078849ef.jpg
20010,Moria Surgical,lasik-cleaver-spatula-for-lasik-20010,ophthalmology-surgical,active,,LASIK Cleaver Spatula(for LASIK),LASIK Cleaver Spatula(for LASIK),"9.7-cm long double-ended spatula:one 0.2-mm tip for entering underneath an existing LASIK cleavage plane,and the other 0.3-mm tip with semi-sharp lateral edges to effectively cut tissue bridges.","9.7-cm long double-ended spatula:one 0.2-mm tip for entering underneath an existing LASIK cleavage plane,and the other 0.3-mm tip with semi-sharp lateral edges to effectively cut tissue bridges.","Reusability: Yes; Packaging: X1; Material*: Stainless steel; Length: 97 mm; Tip: Sharp, angled; Intended use: To re-open an existing LASIK flap then to lift it.","Reusability: Yes; Packaging: X1; Material*: Stainless steel; Length: 97 mm; Tip: Sharp, angled; Intended use: To re-open an existing LASIK flap then to lift it.",https://www.moria-surgical.com/media/cache/product_viewer/files/product/e828c235bf0e5584d542f5025508ea8bbbe3297c.jpg
4877A,Moria Surgical,ophthalmic-scissors-straight-pointed-blades-4877a,ophthalmology-surgical,active,,"Ophthalmic Scissors(Straight, pointed blades)","Ophthalmic Scissors(Straight, pointed blades)","10-cm total length withstraightpointed blades. Can be used to cut tissues duringcataractsurgery,retinal detachmentsurgery andchalaziontreatment.","10-cm total length withstraightpointed blades. Can be used to cut tissues duringcataractsurgery,retinal detachmentsurgery andchalaziontreatment.","Reusability: Yes; Packaging: X1; Material*: Stainless steel; Size: 100 mm; Blades: Straight, pointed blades; Intended use: To cut tissues during cataract surgery, retinal detachment surgery and chalazion treatment.","Reusability: Yes; Packaging: X1; Material*: Stainless steel; Size: 100 mm; Blades: Straight, pointed blades; Intended use: To cut tissues during cataract surgery, retinal detachment surgery and chalazion treatment.",https://www.moria-surgical.com/media/cache/product_viewer/files/product/342bb1f303fa1b2c39d43b7c6b225ac7f59de1b1.jpg
9600BIS,Moria Surgical,vannas-scissors-straight-blunt-blades-9600bis,ophthalmology-surgical,active,,Vannas Scissors(Straight blunt blades),Vannas Scissors(Straight blunt blades),"8.7-cm total length withstraightblunt blades, 5-mm x 0.5-mm blades. Can be used to cut the cornea,iris, capsule ormembrane.","8.7-cm total length withstraightblunt blades, 5-mm x 0.5-mm blades. Can be used to cut the cornea,iris, capsule ormembrane.","Reusability: Yes; Packaging: X1; Material*: Stainless steel; Size: 87 mm; Blades: 5-mm blunt blades; Intended use: To cut the cornea, iris, capsule, membrane.","Reusability: Yes; Packaging: X1; Material*: Stainless steel; Size: 87 mm; Blades: 5-mm blunt blades; Intended use: To cut the cornea, iris, capsule, membrane.",https://www.moria-surgical.com/media/cache/product_viewer/files/product/ffbb6f11a420447f9af90d4b3b266d04be02c0ae.jpg
9601,Moria Surgical,vannas-scissors-curved-blunt-blades-9601,ophthalmology-surgical,active,,Vannas Scissors(Curved blunt blades),Vannas Scissors(Curved blunt blades),"8.7-cm total length withcurvedblunt blades, 5-mm x 0.5-mm blades. Can be used to cut the cornea,iris, capsule ormembrane.","8.7-cm total length withcurvedblunt blades, 5-mm x 0.5-mm blades. Can be used to cut the cornea,iris, capsule ormembrane.","Reusability: Yes; Packaging: X1; Material*: Stainless steel; Size: 87 mm; Blades: 5-mm blunt blades; Intended use: To cut the cornea, iris, capsule, membrane.","Reusability: Yes; Packaging: X1; Material*: Stainless steel; Size: 87 mm; Blades: 5-mm blunt blades; Intended use: To cut the cornea, iris, capsule, membrane.",https://www.moria-surgical.com/media/cache/product_viewer/files/product/82ad56e7c299ac116b0f7a2088e5ac633634573b.jpg
13263,Moria Surgical,gills-aron-rosa-scissors-angled-pointed-blades-132,ophthalmology-surgical,active,,Gills-Aron-Rosa Scissors(Angled pointed blades),Gills-Aron-Rosa Scissors(Angled pointed blades),"12.0-cm total length with 11.0-mmangledpointed blades . Can be used to cut tissues duringcataractsurgery,retinal detachmentsurgery andchalaziontreatment.","12.0-cm total length with 11.0-mmangledpointed blades . Can be used to cut tissues duringcataractsurgery,retinal detachmentsurgery andchalaziontreatment.","Reusability: Yes; Packaging: X1; Material*: Stainless steel; Size: 120 mm; Blades: 10.0-mm blunt blades; Intended use: To cut tissues during cataract surgery, retinal detachment surgery and chalazion treatment.","Reusability: Yes; Packaging: X1; Material*: Stainless steel; Size: 120 mm; Blades: 10.0-mm blunt blades; Intended use: To cut tissues during cataract surgery, retinal detachment surgery and chalazion treatment.",https://www.moria-surgical.com/media/cache/product_viewer/files/product/f3c214f3f3615004cbb8b10999ab75bf749c4634.jpg
17000,Moria Surgical,worst-scissors-curved-blades-17000,ophthalmology-surgical,active,,Worst Scissors(Curved blades),Worst Scissors(Curved blades),"13.0-cm total length with 13-mmcurvedblades, and with abird-cagehandle. Can be used to cut the capsule during cataract surgery (capsulectomy).","13.0-cm total length with 13-mmcurvedblades, and with abird-cagehandle. Can be used to cut the capsule during cataract surgery (capsulectomy).",Reusability: Yes; Packaging: X1; Material*: Stainless steel; Size: 113 mm; Blades: 13-mm curved blades; Intended use: To cut the capsule during cataract surgery (capsulectomy).,Reusability: Yes; Packaging: X1; Material*: Stainless steel; Size: 113 mm; Blades: 13-mm curved blades; Intended use: To cut the capsule during cataract surgery (capsulectomy).,https://www.moria-surgical.com/media/cache/product_viewer/files/product/51c6223b78784de0523a683269efd8512ca23992.jpg
19068,Moria Surgical,haptic-cutter-for-iol-explantation-19068,ophthalmology-surgical,active,,Haptic Cutter(for IOL explantation),Haptic Cutter(for IOL explantation),"15.4-cm total length with 1-mm blades length, designed with a fixed upper blade and a movable lowerblade to cut the haptic of all types of soft IOLs.","15.4-cm total length with 1-mm blades length, designed with a fixed upper blade and a movable lowerblade to cut the haptic of all types of soft IOLs.",Reusability: Yes; Packaging: X1; Material*: Stainless steel; Size: 154 mm; Blades: Blunt blades; Intended use: To cut the haptic of all types of soft IOLs.,Reusability: Yes; Packaging: X1; Material*: Stainless steel; Size: 154 mm; Blades: Blunt blades; Intended use: To cut the haptic of all types of soft IOLs.,https://www.moria-surgical.com/media/cache/product_viewer/files/product/0162d76924c9d1f9c3149a13487fc577830b46b9.jpg
4878A,Moria Surgical,scissors-curved-blades-4878a,ophthalmology-surgical,active,,Scissors(Curved blades),Scissors(Curved blades),"Curvedandpointed blades. Can be used to cut tissues duringcataractsurgery,retinal detachmentsurgery andchalaziontreatment.","Curvedandpointed blades. Can be used to cut tissues duringcataractsurgery,retinal detachmentsurgery andchalaziontreatment.","Reusability: Yes; Packaging: X1; Material*: Stainless steel; Blades: Curved, pointed blades; Intended use: To cut tissues during cataract surgery, retinal detachment surgery and chalazion treatment.","Reusability: Yes; Packaging: X1; Material*: Stainless steel; Blades: Curved, pointed blades; Intended use: To cut tissues during cataract surgery, retinal detachment surgery and chalazion treatment.",https://www.moria-surgical.com/media/cache/product_viewer/files/product/1982bac8e9e09cffdaa4fb735de9abda081a6453.jpg
4251C,Moria Surgical,sevrin-stevens-scissors-for-tenotomy-4251c,ophthalmology-surgical,active,,Sevrin-Stevens Scissors(for tenotomy),Sevrin-Stevens Scissors(for tenotomy),"10.4-cm total length with semi-curved, blunt blades. Can be used fortenotomy.","10.4-cm total length with semi-curved, blunt blades. Can be used fortenotomy.","Reusability: Yes; Packaging: X1; Material*: Stainless steel; Size: 104 mm; Blades: Semi curved, blunt blades; Intended use: To perform tenotomy.","Reusability: Yes; Packaging: X1; Material*: Stainless steel; Size: 104 mm; Blades: Semi curved, blunt blades; Intended use: To perform tenotomy.",https://www.moria-surgical.com/media/cache/product_viewer/files/product/9e3b09fb01e95e0963e43ca0732ede33a841c4eb.jpg
11057,Moria Surgical,westcott-hugonnier-scissors-semi-curved-slightly-b,ophthalmology-surgical,active,,"Westcott-Hugonnier Scissors(Semi-curved, slightly blunt blades)","Westcott-Hugonnier Scissors(Semi-curved, slightly blunt blades)","12.1-cm total length with 10-mm semi-curvedblunt blades. Can be used to cut tissues duringcataractsurgery,retinal detachmentsurgery andchalaziontreatment.","12.1-cm total length with 10-mm semi-curvedblunt blades. Can be used to cut tissues duringcataractsurgery,retinal detachmentsurgery andchalaziontreatment.","Reusability: Yes; Packaging: X1; Material*: Stainless steel; Size: 121 mm; Blades: 10-mm blunt blades; Intended use: To cut tissues during cataract surgery, retinal detachment surgery and chalazion treatment.","Reusability: Yes; Packaging: X1; Material*: Stainless steel; Size: 121 mm; Blades: 10-mm blunt blades; Intended use: To cut tissues during cataract surgery, retinal detachment surgery and chalazion treatment.",https://www.moria-surgical.com/media/cache/product_viewer/files/product/4a97ea1c16f18754292e4f88ed16ff58908a4189.jpg
8144A,Moria Surgical,micro-scissors-curved-blunt-blades-8144a,ophthalmology-surgical,active,,"Micro-Scissors(Curved, blunt blades)","Micro-Scissors(Curved, blunt blades)","8-cm total length withcurved, blunt blades. Can be used to cut tissues duringcataractsurgery,retinal detachmentsurgery andchalaziontreatment.","8-cm total length withcurved, blunt blades. Can be used to cut tissues duringcataractsurgery,retinal detachmentsurgery andchalaziontreatment.","Reusability: Yes; Packaging: X1; Material*: Stainless steel; Size: 80 mm; Blades: Curved, blunt blades; Intended use: To cut tissues during cataract surgery, retinal detachment surgery and chalazion treatment.","Reusability: Yes; Packaging: X1; Material*: Stainless steel; Size: 80 mm; Blades: Curved, blunt blades; Intended use: To cut tissues during cataract surgery, retinal detachment surgery and chalazion treatment.",https://www.moria-surgical.com/media/cache/product_viewer/files/product/6a0ae09ab78c306d933197857a9ee01a4da54ea4.jpg
8142A,Moria Surgical,micro-scissors-curved-pointed-blades-8142a,ophthalmology-surgical,active,,"Micro-Scissors(Curved, pointed blades)","Micro-Scissors(Curved, pointed blades)","8-cm total length withcurved,pointed blades. Can be used to cut tissues duringcataractsurgery,retinal detachmentsurgery andchalaziontreatment.","8-cm total length withcurved,pointed blades. Can be used to cut tissues duringcataractsurgery,retinal detachmentsurgery andchalaziontreatment.","Reusability: Yes; Packaging: X1; Material*: Stainless steel; Size: 80 mm; Blades: Curved, pointed blades; Intended use: To cut tissues during cataract surgery, retinal detachment surgery and chalazion treatment.","Reusability: Yes; Packaging: X1; Material*: Stainless steel; Size: 80 mm; Blades: Curved, pointed blades; Intended use: To cut tissues during cataract surgery, retinal detachment surgery and chalazion treatment.",https://www.moria-surgical.com/media/cache/product_viewer/files/product/cb3ee2efe89d851c81881805ab0ffb5bdc972700.jpg
8143A,Moria Surgical,micro-scissors-straight-pointed-blades-8143a,ophthalmology-surgical,active,,"Micro-Scissors(Straight, pointed blades)","Micro-Scissors(Straight, pointed blades)","8-cm total length withstraight,pointed blades. Can be used to cut tissues duringcataractsurgery,retinal detachmentsurgery andchalaziontreatment.","8-cm total length withstraight,pointed blades. Can be used to cut tissues duringcataractsurgery,retinal detachmentsurgery andchalaziontreatment.","Reusability: Yes; Packaging: X1; Material*: Stainless steel; Size: 80 mm; Blades: Straight, pointed blades; Intended use: To cut tissues during cataract surgery, retinal detachment surgery and chalazion treatment.","Reusability: Yes; Packaging: X1; Material*: Stainless steel; Size: 80 mm; Blades: Straight, pointed blades; Intended use: To cut tissues during cataract surgery, retinal detachment surgery and chalazion treatment.",https://www.moria-surgical.com/media/cache/product_viewer/files/product/7b55debdf44d7c500fe9608cbe2513bb62fe2306.jpg
MC26B,Moria Surgical,dowell-scissors-straight-pointed-blades-mc26b,ophthalmology-surgical,active,,"Dowell Scissors(Straight, pointed blades)","Dowell Scissors(Straight, pointed blades)","12.7-cm total length withstraight, sharp, 12-mm blades. Can be used to cut tissues during vascular surgery or research.","12.7-cm total length withstraight, sharp, 12-mm blades. Can be used to cut tissues during vascular surgery or research.",Reusability: Yes; Packaging: X1; Material*: Stainless steel; Size: 12 mm; Blades: 127 mm sharp blades; Intended use: To cut tissues during vascular surgery or research.,Reusability: Yes; Packaging: X1; Material*: Stainless steel; Size: 12 mm; Blades: 127 mm sharp blades; Intended use: To cut tissues during vascular surgery or research.,https://www.moria-surgical.com/media/cache/product_viewer/files/product/393262f5238a428f013caf5088b1aed404e119c8.jpg
MC26B,Moria Surgical,dowell-scissors-straight-pointed-blades-mc26b,ophthalmology-surgical,active,,"Dowell Scissors(Straight, pointed blades)","Dowell Scissors(Straight, pointed blades)","12.7-cm total length withstraight, sharp, 12-mm blades. Can be used to cut tissues during vascular surgery or research.","12.7-cm total length withstraight, sharp, 12-mm blades. Can be used to cut tissues during vascular surgery or research.",Reusability: Yes; Packaging: X1; Material*: Stainless steel; Size: 12 mm; Blades: 127 mm sharp blades; Intended use: To cut tissues during vascular surgery or research.,Reusability: Yes; Packaging: X1; Material*: Stainless steel; Size: 12 mm; Blades: 127 mm sharp blades; Intended use: To cut tissues during vascular surgery or research.,https://www.moria-surgical.com/media/cache/product_viewer/files/product/393262f5238a428f013caf5088b1aed404e119c8.jpg
MC19B,Moria Surgical,wolff-scissors-4-mm-blades-mc19b,ophthalmology-surgical,active,,Wolff Scissors(4-mm blades),Wolff Scissors(4-mm blades),"10.2-cm total length with very sharp, 4.0-mm blades. Can be used to perform delicate ophthalmic surgery.","10.2-cm total length with very sharp, 4.0-mm blades. Can be used to perform delicate ophthalmic surgery.",Reusability: Yes; Packaging: X1; Material*: Stainless steel; Size: 102 mm; Blades: 4-mm sharp blades; Intended use: To perform delicate ophthalmic surgery.,Reusability: Yes; Packaging: X1; Material*: Stainless steel; Size: 102 mm; Blades: 4-mm sharp blades; Intended use: To perform delicate ophthalmic surgery.,https://www.moria-surgical.com/media/cache/product_viewer/files/product/465247f852780c8ad6ff602da83dcaa8da77f2c0.jpg
9600,Moria Surgical,vannas-scissors-straight-pointed-blades-9600,ophthalmology-surgical,active,,Vannas Scissors(Straight pointed blades),Vannas Scissors(Straight pointed blades),"8.7-cm total length withstraightpointed blades, 5-mm x 0.5-mm blades. Can be used to cut the cornea,iris, capsule ormembrane.","8.7-cm total length withstraightpointed blades, 5-mm x 0.5-mm blades. Can be used to cut the cornea,iris, capsule ormembrane.","Reusability: Yes; Packaging: X1; Material*: Stainless steel; Size: 87 mm; Blades: 5-mm pointed blades; Intended use: To cut the cornea, iris, capsule, membrane.","Reusability: Yes; Packaging: X1; Material*: Stainless steel; Size: 87 mm; Blades: 5-mm pointed blades; Intended use: To cut the cornea, iris, capsule, membrane.",https://www.moria-surgical.com/media/cache/product_viewer/files/product/6a4fd5441406642889b0b2fc3b8d9e83ca01ce17.jpg
18013,Moria Surgical,stevens-scissors-curved-blunt-blades-18013,ophthalmology-surgical,active,,"Stevens Scissors(Curved, blunt blades)","Stevens Scissors(Curved, blunt blades)","12.1-cm total length with 11.5-mmcurvedblunt blades. Can be used to cut tissues duringcataractsurgery,retinal detachmentsurgery andchalaziontreatment.","12.1-cm total length with 11.5-mmcurvedblunt blades. Can be used to cut tissues duringcataractsurgery,retinal detachmentsurgery andchalaziontreatment.","Reusability: Yes; Packaging: X1; Material*: Stainless steel; Size: 121 mm; Blades: 11.5-mm, curved, blunt blades; Intended use: To cut tissues during cataract surgery, retinal detachment surgery and chalazion treatment.","Reusability: Yes; Packaging: X1; Material*: Stainless steel; Size: 121 mm; Blades: 11.5-mm, curved, blunt blades; Intended use: To cut tissues during cataract surgery, retinal detachment surgery and chalazion treatment.",https://www.moria-surgical.com/media/cache/product_viewer/files/product/59491acffdbbd5758d931460b40fbfdd5e287937.jpg
20007,Moria Surgical,mini-busin-spatula-for-dsaek-dmek-20007,ophthalmology-surgical,active,,"Mini Busin Spatula(for DSAEK, DMEK)","Mini Busin Spatula(for DSAEK, DMEK)","For the insertion of an endothelial graft through a 3.5-mm incision: designed for the ""pull-through"" technique, lateral wing design aids in scooping upDSAEKgraft directly fromBusin Donor PunchorDeep Well Full-Cut Punch,unfolding of the graft in the recipient's eye, centration of donor button in the recipient’s anterior chamber.Used in combination with the23G Busin Forceps.113-mm total length, with a 16-mm tunnel length","For the insertion of an endothelial graft through a 3.5-mm incision: designed for the ""pull-through"" technique, lateral wing design aids in scooping upDSAEKgraft directly fromBusin Donor PunchorDeep Well Full-Cut Punch,unfolding of the graft in the recipient's eye, centration of donor button in the recipient’s anterior chamber.Used in combination with the23G Busin Forceps.113-mm total length, with a 16-mm tunnel length",Reusability: Yes; Packaging: X1; Material*: Stainless steel; Size: 113 mm; Tip: Spoon form; Intended use: To insert an ultra thin endothelial graft inside the recipient’s anterior chamber during a DSAEK endothelial keratoplasty.,Reusability: Yes; Packaging: X1; Material*: Stainless steel; Size: 113 mm; Tip: Spoon form; Intended use: To insert an ultra thin endothelial graft inside the recipient’s anterior chamber during a DSAEK endothelial keratoplasty.,https://www.moria-surgical.com/media/cache/product_viewer/files/product/82ac663cc63069766a353547b73d6451a07bc760.jpg
8023B,Moria Surgical,katzin-scissors-counter-clockwise-for-keratoplasty,ophthalmology-surgical,active,,"Katzin Scissors(Counter-clockwise, for keratoplasty)","Katzin Scissors(Counter-clockwise, for keratoplasty)","9.7-cm total length with equal inverted micro-blades, 7- mm, blunt, curved blades. Can be used to cut the cornea duringkeratoplasty(PK,DALK).","9.7-cm total length with equal inverted micro-blades, 7- mm, blunt, curved blades. Can be used to cut the cornea duringkeratoplasty(PK,DALK).","Reusability: Yes; Packaging: X1; Material*: Stainless steel; Size: 97 mm; Blades: Curved, blunt, 7 mm; Other characteristics: Counter-clockwise; Intended use: To cut the cornea during keratoplasty.","Reusability: Yes; Packaging: X1; Material*: Stainless steel; Size: 97 mm; Blades: Curved, blunt, 7 mm; Other characteristics: Counter-clockwise; Intended use: To cut the cornea during keratoplasty.",https://www.moria-surgical.com/media/cache/product_viewer/files/product/2ab238fd032a1ec0503b88f0d69b6e38980010c4.jpg
20033,Moria Surgical,can-pendular-marker-for-toric-iols-20033,ophthalmology-surgical,active,,Can Pendular Marker(for toric IOLs),Can Pendular Marker(for toric IOLs),CanPendularMarkerto mark axis fortoricIOLimplantation duringcataractsurgery.,CanPendularMarkerto mark axis fortoricIOLimplantation duringcataractsurgery.,Reusability: Yes; Packaging: x1; Material*: Stainless steel; Length: 94 mm; Axis tip: 12 mm; Intended use: To mark the chosen angle axis on patient’s eye(s) in the preoperative time of a cataract surgery.,Reusability: Yes; Packaging: x1; Material*: Stainless steel; Length: 94 mm; Axis tip: 12 mm; Intended use: To mark the chosen angle axis on patient’s eye(s) in the preoperative time of a cataract surgery.,https://www.moria-surgical.com/media/cache/product_viewer/files/product/6b1bd8056b8af4343a14f580a7bb33b9e7ee246d.jpg
2456,Moria Surgical,jaeger-eyelid-plate-2456,ophthalmology-surgical,active,,Jaeger eyelid plate,Jaeger eyelid plate,"Jaeger eyelid plate that can be used to hold the eyelid during the chalazion operation. Widths of 27mm and 17mm, length 91mm.","Jaeger eyelid plate that can be used to hold the eyelid during the chalazion operation. Widths of 27mm and 17mm, length 91mm.",,,https://www.moria-surgical.com/media/cache/product_viewer/files/product/ce941700e6b288530a6c52fc2308fc628452fbc9.jpg
3201,Moria Surgical,paufique-knife-for-cornea-3201,ophthalmology-surgical,active,,Paufique Knife(for cornea),Paufique Knife(for cornea),127-mmknifewith a 6x3-mm lancet shapeDesmarres-Paufiquedissector.Can be used to make incisions and stromal pockets within the cornea during an eye surgery.,127-mmknifewith a 6x3-mm lancet shapeDesmarres-Paufiquedissector.Can be used to make incisions and stromal pockets within the cornea during an eye surgery.,Reusability: Yes; Packaging: X1; Material*: Stainless steel; Size: 127 mm; Tip: 6x3 mm; Intended use: To make incisions and stromal pockets within the cornea during an eye surgery,Reusability: Yes; Packaging: X1; Material*: Stainless steel; Size: 127 mm; Tip: 6x3 mm; Intended use: To make incisions and stromal pockets within the cornea during an eye surgery,https://www.moria-surgical.com/media/cache/product_viewer/files/product/61c0111571e43d9847a9603f8c17e69036745a79.jpg
MC50,Moria Surgical,vannas-scissors-curved-pointed-blades-mc50,ophthalmology-surgical,active,,Vannas Scissors(Curved pointed blades),Vannas Scissors(Curved pointed blades),"10.0-cm total length with 7.5-mmcurvedpointed blades . Can be used to cut tissues duringcataractsurgery,retinal detachmentsurgery andchalaziontreatment.","10.0-cm total length with 7.5-mmcurvedpointed blades . Can be used to cut tissues duringcataractsurgery,retinal detachmentsurgery andchalaziontreatment.","Reusability: Yes; Packaging: X1; Material*: Stainless steel; Size: 100 mm; Blades: 7.5-mm curved pointed blades; Intended use: To cut tissues during cataract surgery, retinal detachment surgery and chalazion treatment.","Reusability: Yes; Packaging: X1; Material*: Stainless steel; Size: 100 mm; Blades: 7.5-mm curved pointed blades; Intended use: To cut tissues during cataract surgery, retinal detachment surgery and chalazion treatment.",https://www.moria-surgical.com/media/cache/product_viewer/files/product/e52caafa10d95e34b41b3298e694626d58c9a730.jpg
MC52,Moria Surgical,vannas-scissors-straight-pointed-blades-mc52,ophthalmology-surgical,active,,Vannas Scissors(Straight pointed blades),Vannas Scissors(Straight pointed blades),"10.0-cm total length with 7.5-mmstraightpointed blades . Can be used to cut tissues duringcataractsurgery,retinal detachmentsurgery andchalaziontreatment.","10.0-cm total length with 7.5-mmstraightpointed blades . Can be used to cut tissues duringcataractsurgery,retinal detachmentsurgery andchalaziontreatment.","Reusability: Yes; Packaging: X1; Material*: Stainless steel; Size: 100 mm; Blades: 7.5-mm straight pointed blades; Intended use: To cut tissues during cataract surgery, retinal detachment surgery and chalazion treatment.","Reusability: Yes; Packaging: X1; Material*: Stainless steel; Size: 100 mm; Blades: 7.5-mm straight pointed blades; Intended use: To cut tissues during cataract surgery, retinal detachment surgery and chalazion treatment.",https://www.moria-surgical.com/media/cache/product_viewer/files/product/9235400d5e06451a2be44cee1bde966c5177a1c7.jpg
8023A,Moria Surgical,katzin-scissors-clockwise-for-keratoplasty-8023a,ophthalmology-surgical,active,,"Katzin Scissors(Clockwise, for keratoplasty)","Katzin Scissors(Clockwise, for keratoplasty)","9.7-cm total length with equal inverted micro-blades with 7-mm, blunt, curved blades. Can be used to cut the cornea duringkeratoplasty(PK,DALK).","9.7-cm total length with equal inverted micro-blades with 7-mm, blunt, curved blades. Can be used to cut the cornea duringkeratoplasty(PK,DALK).","Reusability: Yes; Packaging: X1; Material*: Stainless steel; Size: 97 mm; Blades: Curved, blunt, 7 mm; Other characteristics: Clockwise; Intended use: To cut the cornea during keratoplasty.","Reusability: Yes; Packaging: X1; Material*: Stainless steel; Size: 97 mm; Blades: Curved, blunt, 7 mm; Other characteristics: Clockwise; Intended use: To cut the cornea during keratoplasty.",https://www.moria-surgical.com/media/cache/product_viewer/files/product/b4e70647832b513797c072def0ebb32a6f15a81b.jpg
8100,Moria Surgical,vannas-scissors-curved-blunt-blades-8100,ophthalmology-surgical,active,,Vannas Scissors(Curved blunt blades),Vannas Scissors(Curved blunt blades),"10.0-cm total length with 7.5-mmcurvedblunt blades . Can be used to cut tissues duringcataractsurgery,retinal detachmentsurgery andchalaziontreatment.","10.0-cm total length with 7.5-mmcurvedblunt blades . Can be used to cut tissues duringcataractsurgery,retinal detachmentsurgery andchalaziontreatment.","Reusability: Yes; Packaging: X1; Material*: Stainless steel; Size: 100 mm; Blades: 7.5-mm curved blunt blades; Intended use: To cut tissues during cataract surgery, retinal detachment surgery and chalazion treatment.","Reusability: Yes; Packaging: X1; Material*: Stainless steel; Size: 100 mm; Blades: 7.5-mm curved blunt blades; Intended use: To cut tissues during cataract surgery, retinal detachment surgery and chalazion treatment.",https://www.moria-surgical.com/media/cache/product_viewer/files/product/4bea7fbb80b0f58423d7e64809a3404b89e030d4.jpg
4263,Moria Surgical,westcott-cochet-scissors-straight-blunt-blades-426,ophthalmology-surgical,active,,"Westcott-Cochet Scissors(Straight, blunt blades)","Westcott-Cochet Scissors(Straight, blunt blades)",12.4-cm total length with 11-mmstraightblunt blades.,12.4-cm total length with 11-mmstraightblunt blades.,"Reusability: Yes; Packaging: X1; Material*: Stainless steel; Size: 124 mm; Blades: 11-mm straight, blunt blades; Intended use: To cut tissues during cataract surgery, retinal detachment surgery and chalazion treatment.","Reusability: Yes; Packaging: X1; Material*: Stainless steel; Size: 124 mm; Blades: 11-mm straight, blunt blades; Intended use: To cut tissues during cataract surgery, retinal detachment surgery and chalazion treatment.",https://www.moria-surgical.com/media/cache/product_viewer/files/product/51146600b4e5517fcffb9f2063718e9baba0172c.jpg